"title","frequency"
"'Duel': A Conversation with Director Steven Spielberg",1
"'Twas the Night Before Homecoming",1
"'Weird Al' Yankovic Live!: The Alpocalypse Tour",1
"#SatsForever",1
"(#1.1)",19
"(#1.10)",8
"(#1.10152)",1
"(#1.102)",2
"(#1.10235)",1
"(#1.103)",2
"(#1.1032)",1
"(#1.104)",1
"(#1.10442)",1
"(#1.107)",1
"(#1.1076)",1
"(#1.108)",1
"(#1.109)",1
"(#1.10902)",1
"(#1.11)",4
"(#1.11181)",1
"(#1.112)",2
"(#1.113)",1
"(#1.114)",1
"(#1.1149)",1
"(#1.116)",1
"(#1.118)",2
"(#1.12)",2
"(#1.123)",2
"(#1.124)",2
"(#1.1258)",1
"(#1.126)",1
"(#1.127)",1
"(#1.12774)",1
"(#1.128)",1
"(#1.12877)",1
"(#1.12895)",1
"(#1.13)",5
"(#1.13150)",1
"(#1.134)",3
"(#1.135)",1
"(#1.1354)",1
"(#1.13595)",1
"(#1.136)",1
"(#1.13766)",1
"(#1.139)",2
"(#1.14)",7
"(#1.142)",1
"(#1.144)",1
"(#1.145)",1
"(#1.146)",2
"(#1.15)",4
"(#1.15006)",1
"(#1.15070)",1
"(#1.15156)",1
"(#1.15385)",1
"(#1.154)",1
"(#1.15537)",1
"(#1.15692)",1
"(#1.159)",1
"(#1.16)",3
"(#1.160)",1
"(#1.1613)",2
"(#1.162)",1
"(#1.164)",1
"(#1.1660)",1
"(#1.17)",5
"(#1.170)",1
"(#1.171)",1
"(#1.1743)",1
"(#1.178)",1
"(#1.18)",5
"(#1.180)",1
"(#1.183)",1
"(#1.187)",1
"(#1.1892)",1
"(#1.19)",5
"(#1.193)",1
"(#1.1949)",1
"(#1.198)",1
"(#1.1995)",1
"(#1.2)",18
"(#1.20)",1
"(#1.200)",1
"(#1.202)",1
"(#1.2035)",1
"(#1.204)",1
"(#1.205)",1
"(#1.2065)",1
"(#1.208)",3
"(#1.21)",4
"(#1.2105)",1
"(#1.211)",2
"(#1.2173)",1
"(#1.218)",1
"(#1.22)",1
"(#1.2216)",1
"(#1.222)",1
"(#1.2232)",1
"(#1.225)",1
"(#1.227)",1
"(#1.23)",1
"(#1.230)",1
"(#1.232)",1
"(#1.234)",1
"(#1.2393)",1
"(#1.24)",1
"(#1.245)",1
"(#1.2479)",1
"(#1.25)",1
"(#1.250)",2
"(#1.2513)",1
"(#1.2516)",1
"(#1.259)",1
"(#1.26)",1
"(#1.268)",1
"(#1.273)",1
"(#1.2794)",1
"(#1.28)",4
"(#1.29)",2
"(#1.295)",1
"(#1.3)",17
"(#1.30)",3
"(#1.3030)",1
"(#1.3031)",1
"(#1.3032)",1
"(#1.308)",1
"(#1.311)",1
"(#1.3185)",1
"(#1.3269)",1
"(#1.33)",2
"(#1.3386)",1
"(#1.3401)",1
"(#1.35)",2
"(#1.3559)",1
"(#1.3574)",1
"(#1.3591)",1
"(#1.3594)",1
"(#1.3596)",1
"(#1.36)",1
"(#1.3618)",1
"(#1.3621)",1
"(#1.3664)",1
"(#1.3672)",1
"(#1.37)",3
"(#1.3721)",1
"(#1.3761)",1
"(#1.377)",1
"(#1.3848)",1
"(#1.39)",3
"(#1.3901)",1
"(#1.4)",18
"(#1.40)",1
"(#1.4005)",1
"(#1.4032)",1
"(#1.406)",1
"(#1.41)",1
"(#1.410)",1
"(#1.414)",1
"(#1.42)",2
"(#1.4227)",1
"(#1.4244)",1
"(#1.43)",2
"(#1.4376)",1
"(#1.4385)",1
"(#1.44)",1
"(#1.4420)",1
"(#1.4477)",1
"(#1.4552)",1
"(#1.4556)",1
"(#1.46)",1
"(#1.4615)",1
"(#1.4637)",1
"(#1.4677)",1
"(#1.4710)",1
"(#1.4767)",1
"(#1.4863)",1
"(#1.49)",3
"(#1.4919)",1
"(#1.4964)",1
"(#1.4976)",1
"(#1.5)",15
"(#1.50)",2
"(#1.5071)",1
"(#1.51)",2
"(#1.5108)",1
"(#1.516)",1
"(#1.5162)",1
"(#1.5172)",1
"(#1.52)",2
"(#1.5272)",1
"(#1.53)",2
"(#1.542)",1
"(#1.5449)",1
"(#1.549)",1
"(#1.55)",2
"(#1.5540)",1
"(#1.5542)",1
"(#1.5609)",1
"(#1.5681)",1
"(#1.57)",1
"(#1.5722)",1
"(#1.58)",3
"(#1.5842)",1
"(#1.6)",13
"(#1.6013)",1
"(#1.6057)",1
"(#1.6097)",1
"(#1.6115)",1
"(#1.6118)",1
"(#1.6140)",1
"(#1.619)",1
"(#1.624)",1
"(#1.63)",1
"(#1.6340)",1
"(#1.64)",1
"(#1.6556)",1
"(#1.6578)",1
"(#1.676)",1
"(#1.69)",1
"(#1.6941)",1
"(#1.7)",12
"(#1.70)",1
"(#1.709)",1
"(#1.7100)",1
"(#1.727)",1
"(#1.732)",1
"(#1.7367)",1
"(#1.7396)",1
"(#1.74)",1
"(#1.75)",1
"(#1.757)",1
"(#1.760)",1
"(#1.77)",1
"(#1.78)",1
"(#1.7811)",1
"(#1.79)",1
"(#1.7962)",1
"(#1.7966)",1
"(#1.8)",15
"(#1.8093)",1
"(#1.81)",3
"(#1.810)",1
"(#1.8208)",1
"(#1.83)",3
"(#1.8327)",1
"(#1.85)",2
"(#1.8534)",1
"(#1.8562)",1
"(#1.8614)",1
"(#1.8747)",1
"(#1.88)",2
"(#1.8832)",1
"(#1.89)",2
"(#1.8906)",1
"(#1.8951)",1
"(#1.9)",11
"(#1.911)",1
"(#1.915)",1
"(#1.9377)",1
"(#1.94)",1
"(#1.95)",2
"(#1.96)",2
"(#1.9644)",1
"(#1.97)",1
"(#1.975)",1
"(#1.9761)",1
"(#1.9845)",1
"(#1.9850)",1
"(#1.99)",2
"(#1.9944)",1
"(#1.9988)",1
"(#10.181)",1
"(#10.2)",1
"(#10.26)",1
"(#10.54)",1
"(#10.65)",1
"(#10.7)",1
"(#11.10)",1
"(#11.11)",1
"(#11.197)",1
"(#11.78)",1
"(#11.92)",1
"(#12.10)",1
"(#12.102)",1
"(#12.12)",1
"(#12.13)",1
"(#12.14)",1
"(#12.19)",1
"(#12.38)",1
"(#12.52)",1
"(#13.102)",1
"(#13.13)",1
"(#13.158)",1
"(#13.18)",1
"(#13.182)",1
"(#13.40)",1
"(#13.55)",1
"(#13.6)",1
"(#14.1)",1
"(#14.150)",1
"(#14.24)",1
"(#14.26)",1
"(#14.40)",1
"(#14.47)",1
"(#14.5)",1
"(#14.70)",1
"(#14.8)",1
"(#15.17)",1
"(#15.18)",1
"(#15.27)",1
"(#15.28)",1
"(#16.2)",1
"(#16.3)",1
"(#16.43)",1
"(#16.6)",1
"(#16.7)",1
"(#16.80)",1
"(#17.152)",1
"(#17.32)",1
"(#17.38)",1
"(#17.4)",2
"(#17.5)",1
"(#17.53)",1
"(#18.15)",1
"(#18.88)",1
"(#19.147)",1
"(#2.1)",4
"(#2.10)",1
"(#2.11)",2
"(#2.115)",1
"(#2.12)",2
"(#2.13)",3
"(#2.132)",1
"(#2.14)",3
"(#2.147)",1
"(#2.15)",1
"(#2.156)",1
"(#2.16)",1
"(#2.17)",1
"(#2.179)",1
"(#2.2)",8
"(#2.209)",1
"(#2.22)",2
"(#2.23)",1
"(#2.253)",1
"(#2.27)",1
"(#2.28)",1
"(#2.29)",1
"(#2.3)",5
"(#2.32)",1
"(#2.38)",1
"(#2.4)",4
"(#2.42)",1
"(#2.49)",1
"(#2.5)",6
"(#2.59)",2
"(#2.6)",1
"(#2.7)",4
"(#2.8)",6
"(#2.84)",1
"(#2.9)",2
"(#2.90)",1
"(#2.93)",1
"(#2.96)",1
"(#2.98)",1
"(#20.10)",1
"(#20.107)",1
"(#20.18)",1
"(#21.103)",1
"(#21.36)",1
"(#21.9)",1
"(#22.14)",1
"(#23.18)",1
"(#24.13)",1
"(#25.49)",1
"(#25.54)",1
"(#26.104)",1
"(#26.41)",1
"(#26.86)",1
"(#28.115)",1
"(#28.164)",1
"(#28.19)",1
"(#28.191)",1
"(#28.63)",1
"(#29.17)",1
"(#29.47)",1
"(#29.49)",1
"(#29.65)",1
"(#3.1)",2
"(#3.11)",1
"(#3.120)",1
"(#3.13)",1
"(#3.132)",1
"(#3.137)",1
"(#3.16)",2
"(#3.160)",1
"(#3.17)",2
"(#3.173)",1
"(#3.175)",1
"(#3.18)",1
"(#3.189)",1
"(#3.196)",1
"(#3.197)",1
"(#3.2)",5
"(#3.21)",1
"(#3.212)",1
"(#3.22)",2
"(#3.234)",1
"(#3.237)",1
"(#3.263)",1
"(#3.270)",1
"(#3.3)",3
"(#3.31)",1
"(#3.32)",1
"(#3.39)",1
"(#3.4)",1
"(#3.45)",1
"(#3.5)",2
"(#3.55)",1
"(#3.6)",1
"(#3.69)",1
"(#3.77)",1
"(#3.8)",4
"(#3.88)",1
"(#3.9)",2
"(#3.92)",1
"(#30.51)",1
"(#35.3)",1
"(#36.5)",1
"(#37.9)",1
"(#38.8)",1
"(#39.15)",1
"(#39.2)",1
"(#4.1)",3
"(#4.10)",5
"(#4.11)",1
"(#4.113)",1
"(#4.12)",2
"(#4.125)",1
"(#4.13)",2
"(#4.16)",1
"(#4.162)",1
"(#4.174)",1
"(#4.18)",1
"(#4.2)",1
"(#4.22)",1
"(#4.23)",1
"(#4.235)",1
"(#4.3)",1
"(#4.33)",1
"(#4.4)",1
"(#4.49)",1
"(#4.50)",1
"(#4.58)",1
"(#4.6)",3
"(#4.64)",1
"(#4.68)",1
"(#4.7)",1
"(#4.74)",1
"(#4.9)",2
"(#4.96)",1
"(#4.97)",1
"(#40.32)",1
"(#41.59)",1
"(#44.44)",1
"(#48.11)",1
"(#48.45)",1
"(#48.83)",1
"(#48.87)",1
"(#49.119)",1
"(#5.102)",1
"(#5.12)",1
"(#5.13)",3
"(#5.145)",1
"(#5.159)",1
"(#5.160)",1
"(#5.18)",1
"(#5.191)",1
"(#5.245)",1
"(#5.29)",1
"(#5.35)",1
"(#5.5)",1
"(#5.52)",1
"(#50.101)",1
"(#50.16)",1
"(#50.59)",1
"(#51.91)",1
"(#53.26)",1
"(#58.23)",1
"(#58.45)",1
"(#6.11)",1
"(#6.12)",1
"(#6.14)",1
"(#6.152)",1
"(#6.17)",1
"(#6.2)",1
"(#6.25)",1
"(#6.27)",1
"(#6.3)",1
"(#6.39)",1
"(#6.4)",3
"(#6.49)",1
"(#6.7)",1
"(#61.79)",1
"(#63.39)",1
"(#7.1)",2
"(#7.132)",1
"(#7.160)",1
"(#7.26)",1
"(#7.286)",1
"(#7.29)",1
"(#7.30)",1
"(#7.32)",1
"(#7.34)",1
"(#7.4)",1
"(#7.47)",1
"(#7.7)",1
"(#7.89)",1
"(#7.9)",2
"(#7.91)",1
"(#8.1)",4
"(#8.16)",1
"(#8.2)",1
"(#8.22)",1
"(#8.24)",1
"(#8.34)",1
"(#8.364)",1
"(#8.53)",1
"(#8.54)",1
"(#8.6)",2
"(#8.93)",1
"(#9.11)",1
"(#9.178)",1
"(#9.194)",1
"(#9.20)",1
"(#9.26)",1
"(#9.53)",1
"(#9.63)",1
"(#9.7)",2
"(#9.72)",1
"(#9.73)",1
"(#9.87)",1
"(1949-01-21)",1
"(1952-10-07)",1
"(1953-10-17)",1
"(1956-04-06)",1
"(1957-10-14)",1
"(1960-11-09)",1
"(1964-01-21)",1
"(1964-09-13)",1
"(1964-11-23)",1
"(1965-01-13)",1
"(1965-06-14)",1
"(1966-02-08)",1
"(1966-08-05)",1
"(1966-10-02)",1
"(1966-11-02)",1
"(1968-03-11)",1
"(1969-04-18)",1
"(1969-09-24)",1
"(1969-10-12)",1
"(1969-12-01)",1
"(1970-05-05)",1
"(1970-05-30)",1
"(1971-01-11)",1
"(1971-04-14)",1
"(1971-05-19)",1
"(1971-10-19)",1
"(1972-02-26)",1
"(1972-05-26)",1
"(1972-08-04)",1
"(1972-12-03)",1
"(1973-03-06)",1
"(1974-02-23)",1
"(1974-12-26)",1
"(1975-07-17)",1
"(1977-01-04)",1
"(1977-02-06)",1
"(1977-10-31)",1
"(1977-11-22)",1
"(1978-12-23)",1
"(1979-03-29)",1
"(1979-10-26)",1
"(1979-11-13)",1
"(1979-12-07)",1
"(1980-01-21)",1
"(1980-04-04)",1
"(1980-06-16)",1
"(1980-06-19)",1
"(1981-01-30)",1
"(1981-02-09)",1
"(1981-07-30)",1
"(1982-01-13)",1
"(1982-06-21)",1
"(1983-02-21)",1
"(1983-10-15)",1
"(1984-01-07)",1
"(1984-01-18)",1
"(1984-07-13)",1
"(1984-09-05)",1
"(1984-11-27)",1
"(1985-04-17)",1
"(1985-10-08)",1
"(1985-10-15)",1
"(1985-10-20)",1
"(1985-12-13)",1
"(1986-06-16)",1
"(1986-06-26)",1
"(1986-12-11)",1
"(1986-12-23)",1
"(1987-03-06)",1
"(1987-07-15)",1
"(1987-09-08)",1
"(1988-03-09)",1
"(1988-03-31)",1
"(1988-04-27)",1
"(1988-05-03)",1
"(1988-05-04)",1
"(1988-11-20)",1
"(1989-02-22)",1
"(1990-03-05)",1
"(1990-08-19)",1
"(1990-12-10)",1
"(1990-12-28)",1
"(1991-04-28)",1
"(1992-01-12)",1
"(1992-01-14)",1
"(1992-08-06)",1
"(1992-11-14)",1
"(1993-01-29)",1
"(1993-02-04)",1
"(1993-07-08)",1
"(1993-07-17)",1
"(1994-01-05)",1
"(1994-02-17)",1
"(1994-04-22)",1
"(1994-11-29)",1
"(1995-02-12)",1
"(1995-02-24)",1
"(1995-03-15)",1
"(1995-03-23)",1
"(1995-03-27)",1
"(1995-04-12)",1
"(1995-04-17)",1
"(1995-04-19)",1
"(1995-05-16)",1
"(1995-06-06)",1
"(1995-06-19)",1
"(1995-07-29)",1
"(1995-08-06)",1
"(1995-08-07)",1
"(1995-08-22)",1
"(1995-08-29)",1
"(1995-09-09)",1
"(1995-11-05)",1
"(1995-11-10)",1
"(1995-12-04)",1
"(1995-12-05)",1
"(1995-12-07)",1
"(1995-12-29)",1
"(1996-02-03)",1
"(1996-02-25)",1
"(1996-03-11)",1
"(1996-03-16)",1
"(1996-05-11)",1
"(1996-06-13)",1
"(1996-07-06)",1
"(1996-07-25)",1
"(1996-08-17)",1
"(1996-08-21)",1
"(1996-10-11)",1
"(1996-10-30)",1
"(1996-11-02)",1
"(1996-12-31)",1
"(1997-02-03)",1
"(1997-02-11)",1
"(1997-02-12)",1
"(1997-02-28)",1
"(1997-03-05)",1
"(1997-03-15)",1
"(1997-03-16)",1
"(1997-04-18)",1
"(1997-05-05)",1
"(1997-07-25)",1
"(1997-08-01)",1
"(1997-08-04)",1
"(1997-08-29)",1
"(1997-11-02)",1
"(1997-11-07)",1
"(1997-12-05)",1
"(1998-01-12)",1
"(1998-02-24)",1
"(1998-03-24)",1
"(1998-04-06)",1
"(1998-04-15)",1
"(1998-04-29)",1
"(1998-05-11)",1
"(1998-06-11)",1
"(1998-06-18)",1
"(1998-06-24)",2
"(1998-07-06)",1
"(1998-07-09)",1
"(1998-08-17)",1
"(1998-08-26)",1
"(1998-09-09)",1
"(1998-09-11)",1
"(1998-09-30)",1
"(1998-10-29)",1
"(1998-11-08)",1
"(1998-11-23)",1
"(1999-01-07)",1
"(1999-01-11)",1
"(1999-01-18)",1
"(1999-02-14)",1
"(1999-02-15)",1
"(1999-02-25)",1
"(1999-03-25)",1
"(1999-04-06)",1
"(1999-04-09)",1
"(1999-05-07)",1
"(1999-05-08)",1
"(1999-05-14)",1
"(1999-05-20)",1
"(1999-09-07)",1
"(1999-09-24)",1
"(1999-09-28)",1
"(1999-10-01)",1
"(1999-11-07)",1
"(1999-11-09)",1
"(1999-11-12)",1
"(1999-11-24)",1
"(1999-12-03)",1
"(2000-01-02)",1
"(2000-01-18)",2
"(2000-01-28)",1
"(2000-02-03)",1
"(2000-02-27)",1
"(2000-03-06)",2
"(2000-03-08)",1
"(2000-03-19)",2
"(2000-03-22)",2
"(2000-05-20)",1
"(2000-06-02)",1
"(2000-06-20)",1
"(2000-07-12)",1
"(2000-08-04)",1
"(2000-08-15)",1
"(2000-08-19)",1
"(2000-09-01)",1
"(2000-09-29)",1
"(2000-10-13)",1
"(2000-10-19)",1
"(2000-10-24)",1
"(2000-10-26)",1
"(2000-10-29)",1
"(2000-10-30)",2
"(2000-11-09)",1
"(2000-12-12)",1
"(2000-12-13)",1
"(2000-12-15)",1
"(2001-01-05)",1
"(2001-01-17)",1
"(2001-01-18)",1
"(2001-02-10)",1
"(2001-03-13)",1
"(2001-03-14)",1
"(2001-03-20)",1
"(2001-03-27)",1
"(2001-04-03)",2
"(2001-04-05)",1
"(2001-05-03)",1
"(2001-05-29)",1
"(2001-06-01)",1
"(2001-06-04)",1
"(2001-07-03)",1
"(2001-09-07)",1
"(2001-09-14)",1
"(2001-09-21)",1
"(2001-10-08)",1
"(2001-10-09)",1
"(2001-10-10)",1
"(2001-10-15)",1
"(2001-10-24)",1
"(2001-11-08)",1
"(2001-11-29)",1
"(2002-01-06)",1
"(2002-01-10)",1
"(2002-01-21)",1
"(2002-03-10)",1
"(2002-03-13)",1
"(2002-03-25)",1
"(2002-04-21)",2
"(2002-05-11)",1
"(2002-05-25)",1
"(2002-07-02)",1
"(2002-07-04)",1
"(2002-07-16)",1
"(2002-07-25)",1
"(2002-07-28)",1
"(2002-09-23)",1
"(2002-12-21)",1
"(2002-12-28)",1
"(2003-01-20)",1
"(2003-01-23)",1
"(2003-04-01)",1
"(2003-04-12)",1
"(2003-04-23)",1
"(2003-05-05)",1
"(2003-05-06)",1
"(2003-05-29)",1
"(2003-06-05)",1
"(2003-06-26)",1
"(2003-07-03)",1
"(2003-07-07)",1
"(2003-07-08)",1
"(2003-08-22)",2
"(2003-09-10)",1
"(2003-09-18)",1
"(2003-09-29)",1
"(2003-11-12)",1
"(2003-11-24)",1
"(2003-12-05)",1
"(2003-12-12)",1
"(2003-12-16)",1
"(2003-12-20)",1
"(2003-12-23)",1
"(2004-01-10)",1
"(2004-01-22)",1
"(2004-01-27)",1
"(2004-02-11)",1
"(2004-02-12)",1
"(2004-02-20)",1
"(2004-03-04)",1
"(2004-03-06)",1
"(2004-03-12)",1
"(2004-03-14)",1
"(2004-03-25)",1
"(2004-03-26)",1
"(2004-03-28)",1
"(2004-03-31)",1
"(2004-04-08)",1
"(2004-04-23)",1
"(2004-05-19)",1
"(2004-05-26)",1
"(2004-05-29)",1
"(2004-06-08)",1
"(2004-06-14)",1
"(2004-06-25)",1
"(2004-06-27)",1
"(2004-07-18)",1
"(2004-07-24)",2
"(2004-09-10)",1
"(2004-10-27)",1
"(2004-11-04)",1
"(2004-11-09)",1
"(2004-11-18)",1
"(2004-12-01)",1
"(2004-12-04)",1
"(2004-12-26)",1
"(2004-12-27)",1
"(2005-01-12)",1
"(2005-02-01)",1
"(2005-02-12)",1
"(2005-02-16)",1
"(2005-02-24)",1
"(2005-02-26)",1
"(2005-02-27)",1
"(2005-03-09)",1
"(2005-03-11)",1
"(2005-03-21)",1
"(2005-04-13)",1
"(2005-04-25)",1
"(2005-05-17)",1
"(2005-05-23)",2
"(2005-05-26)",1
"(2005-06-10)",1
"(2005-06-17)",1
"(2005-06-24)",1
"(2005-07-06)",1
"(2005-07-07)",1
"(2005-07-19)",1
"(2005-07-23)",1
"(2005-08-06)",1
"(2005-08-19)",1
"(2005-08-22)",1
"(2005-10-03)",1
"(2005-10-24)",1
"(2005-11-07)",1
"(2005-11-08)",1
"(2005-11-19)",1
"(2005-12-05)",1
"(2005-12-10)",1
"(2005-12-16)",1
"(2005-12-22)",1
"(2006-01-22)",1
"(2006-02-17)",1
"(2006-03-03)",1
"(2006-03-12)",1
"(2006-03-28)",1
"(2006-04-13)",1
"(2006-05-15)",1
"(2006-06-09)",1
"(2006-06-22)",1
"(2006-06-24)",1
"(2006-07-03)",1
"(2006-07-04)",1
"(2006-07-17)",1
"(2006-07-21)",1
"(2006-07-22)",1
"(2006-07-27)",1
"(2006-08-15)",1
"(2006-08-30)",1
"(2006-09-10)",1
"(2006-09-12)",1
"(2006-09-19)",1
"(2006-09-28)",1
"(2006-10-09)",2
"(2006-10-14)",1
"(2006-10-29)",1
"(2006-11-08)",1
"(2006-11-25)",1
"(2007-01-03)",1
"(2007-01-26)",1
"(2007-02-02)",1
"(2007-02-05)",1
"(2007-02-12)",1
"(2007-02-27)",1
"(2007-03-19)",1
"(2007-04-12)",1
"(2007-04-27)",1
"(2007-04-29)",1
"(2007-05-01)",1
"(2007-05-09)",1
"(2007-05-28)",1
"(2007-06-01)",1
"(2007-06-18)",1
"(2007-06-20)",1
"(2007-06-25)",1
"(2007-07-11)",1
"(2007-08-07)",1
"(2007-09-05)",1
"(2007-09-21)",1
"(2007-09-25)",2
"(2007-10-07)",1
"(2007-11-07)",2
"(2007-11-09)",1
"(2007-11-15)",1
"(2007-11-24)",1
"(2007-12-05)",1
"(2007-12-20)",1
"(2008-01-04)",1
"(2008-01-08)",1
"(2008-01-16)",1
"(2008-01-18)",1
"(2008-01-20)",1
"(2008-01-21)",1
"(2008-01-31)",1
"(2008-02-06)",1
"(2008-02-09)",1
"(2008-02-11)",1
"(2008-02-17)",1
"(2008-02-26)",1
"(2008-03-21)",1
"(2008-04-05)",1
"(2008-04-08)",1
"(2008-04-11)",1
"(2008-04-17)",1
"(2008-04-18)",1
"(2008-04-25)",1
"(2008-05-06)",1
"(2008-05-20)",1
"(2008-06-01)",1
"(2008-06-04)",1
"(2008-06-09)",1
"(2008-06-21)",1
"(2008-06-26)",1
"(2008-06-30)",1
"(2008-07-08)",1
"(2008-07-30)",1
"(2008-08-08)",1
"(2008-09-02)",1
"(2008-09-07)",1
"(2008-09-20)",1
"(2008-09-23)",1
"(2008-11-05)",1
"(2008-12-01)",1
"(2008-12-15)",1
"(2009-01-12)",1
"(2009-01-15)",1
"(2009-01-29)",1
"(2009-02-27)",1
"(2009-03-03)",1
"(2009-03-06)",2
"(2009-03-18)",1
"(2009-04-08)",1
"(2009-04-11)",1
"(2009-04-17)",1
"(2009-04-28)",1
"(2009-05-14)",1
"(2009-06-05)",1
"(2009-07-09)",1
"(2009-07-28)",1
"(2009-08-16)",1
"(2009-08-30)",1
"(2009-09-18)",1
"(2009-10-09)",1
"(2009-10-29)",1
"(2009-10-31)",1
"(2009-11-29)",1
"(2009-12-04)",1
"(2010-01-05)",1
"(2010-01-06)",1
"(2010-01-14)",1
"(2010-01-16)",1
"(2010-01-28)",1
"(2010-02-11)",1
"(2010-02-16)",2
"(2010-02-22)",1
"(2010-02-24)",1
"(2010-04-02)",1
"(2010-04-12)",1
"(2010-04-14)",1
"(2010-04-27)",2
"(2010-05-05)",1
"(2010-05-23)",1
"(2010-05-30)",1
"(2010-06-11)",1
"(2010-06-17)",2
"(2010-06-18)",1
"(2010-06-25)",1
"(2010-07-21)",1
"(2010-07-22)",1
"(2010-07-23)",1
"(2010-07-27)",1
"(2010-07-30)",1
"(2010-08-10)",1
"(2010-09-04)",1
"(2010-10-01)",1
"(2010-10-11)",1
"(2010-10-18)",1
"(2010-10-29)",1
"(2010-10-30)",1
"(2010-11-10)",1
"(2010-11-16)",1
"(2010-11-26)",1
"(2010-12-03)",1
"(2010-12-04)",1
"(2011-02-04)",1
"(2011-02-08)",1
"(2011-02-11)",1
"(2011-02-18)",1
"(2011-02-21)",1
"(2011-03-15)",1
"(2011-04-02)",1
"(2011-04-14)",1
"(2011-04-27)",1
"(2011-04-28)",1
"(2011-05-06)",1
"(2011-05-17)",1
"(2011-05-19)",2
"(2011-06-07)",1
"(2011-06-17)",1
"(2011-08-05)",1
"(2011-08-12)",1
"(2011-08-29)",1
"(2011-08-31)",1
"(2011-09-12)",1
"(2011-09-13)",2
"(2011-10-03)",1
"(2011-10-11)",1
"(2011-10-17)",1
"(2011-10-19)",1
"(2011-10-22)",1
"(2011-10-27)",1
"(2011-10-30)",1
"(2011-11-02)",1
"(2011-11-08)",1
"(2011-11-14)",1
"(2011-11-16)",1
"(2011-11-25)",1
"(2011-12-11)",2
"(2011-12-15)",1
"(2011-12-30)",1
"(2012-01-03)",1
"(2012-01-09)",1
"(2012-01-10)",1
"(2012-01-24)",1
"(2012-01-28)",1
"(2012-01-29)",1
"(2012-01-30)",1
"(2012-01-31)",1
"(2012-02-04)",1
"(2012-02-08)",1
"(2012-02-10)",1
"(2012-02-18)",1
"(2012-02-20)",1
"(2012-03-01)",1
"(2012-03-05)",1
"(2012-03-22)",2
"(2012-03-27)",1
"(2012-04-12)",1
"(2012-04-13)",1
"(2012-04-15)",1
"(2012-04-18)",1
"(2012-05-01)",1
"(2012-05-10)",1
"(2012-05-12)",1
"(2012-05-21)",1
"(2012-05-27)",1
"(2012-05-31)",1
"(2012-06-13)",1
"(2012-06-14)",1
"(2012-06-23)",1
"(2012-06-28)",1
"(2012-07-11)",1
"(2012-07-17)",1
"(2012-07-23)",1
"(2012-08-13)",1
"(2012-08-18)",1
"(2012-08-19)",1
"(2012-08-31)",1
"(2012-09-03)",2
"(2012-09-11)",1
"(2012-09-14)",2
"(2012-09-24)",1
"(2012-10-03)",1
"(2012-10-08)",1
"(2012-10-10)",1
"(2012-10-11)",1
"(2012-10-14)",1
"(2012-10-18)",1
"(2012-10-22)",1
"(2012-10-30)",1
"(2012-11-01)",1
"(2012-11-05)",1
"(2012-11-08)",1
"(2012-11-09)",1
"(2012-11-20)",1
"(2012-11-27)",1
"(2012-11-30)",1
"(2012-12-25)",1
"(2013-01-03)",1
"(2013-01-17)",1
"(2013-01-18)",1
"(2013-01-22)",1
"(2013-01-24)",2
"(2013-02-11)",1
"(2013-02-22)",2
"(2013-02-27)",1
"(2013-03-04)",1
"(2013-03-16)",1
"(2013-04-01)",1
"(2013-04-03)",1
"(2013-04-04)",1
"(2013-04-05)",2
"(2013-04-10)",1
"(2013-04-18)",1
"(2013-04-20)",1
"(2013-04-22)",1
"(2013-04-26)",1
"(2013-05-13)",1
"(2013-05-29)",1
"...Dal diario scolastico di Cesare Cornoldi",1
"¡Leonardo despertó del coma!",1
"1.41",1
"1001 Bionic Nights",1
"1001 Dads/Prunella's Prediction",1
"101 Natural Beauties",1
"101 Reykjavík",1
"12 on One 2",1
"12 stulyev",1
"12. dag",1
"13. komnata Terezy Pergnerové",1
"15 Minutes",1
"1559 - 1560",1
"1972",1
"1979-1980",1
"1987 Sunkist Fiesta Bowl",1
"1992: Andre Agassi",1
"1997 Celebrity Jeopardy! Game 5",1
"2-nen H-gumi no kurisumasu ibu Atashi o beddo ni tsuretette/Kanejou-san ga miteru!? Genkai girigiri 'Nama' housou!",1
"20 Greatest Hits",1
"2010 Cape Soiree Red Carpet Event",1
"2010 Suzuki Sportback SX4",1
"2012: Anaheim, Part 1",1
"2013 College Championship Quarterfinal Game 4",1
"2nd Story",1
"30 años de oscuridad",1
"3D 101 with Director Marc Webb",1
"3er aniversario",1
"4 x Tjechov",1
"4711 - Echt Kölnisch Wasser",1
"5 gegen 5",1
"5th Year",1
"6000 Lash Lane",1
"64 Squares",1
"8 no 634 wa genki desu",1
"818 Milfs",1
"A Better Body in Just 7 Days",1
"A Bittersweet Favor! Budding Christmas Love?",1
"A Black Letter Day",1
"A Burning Circle",1
"A Charade for Murder",1
"A Cinderella Story: Part 2",1
"A Corner of Barnet Fair",1
"A Country Girl",1
"A Cry for Help",1
"A Dangerous Mix",1
"A Diamond in the Mind",1
"A Divided House",1
"A Dream of Treason",1
"A Escolha",1
"A fekete szivárvány",1
"A Fifth of Chaos!",1
"A Foreign Field",1
"A Healthy Kitchen",1
"A Herança de Napoleão",1
"A Horse of Another Color",1
"A Hotel Fire in Paris, and Rescue by Parisian Pompiers",1
"A Killing in Vegas",1
"A Kung Fu Star Is Born/Citizen Lame",1
"A Long Tale for Grandpa/Where the Wild Smurfs Are",1
"A Lot Like Christmas",1
"A Man's Life",1
"A Man Meets a Woman",1
"A Memory of Two Mondays",1
"A Million Ways to Die in the West",1
"A Mix in Masks",1
"A Murder Has Been Arranged",1
"A Mutt in a Rut",1
"A Nest of Vipers",1
"A New Home",1
"A Night in Cold Blood",1
"A Perry Mason Mystery: The Case of the Grimacing Governor",1
"A Plague on Both Their Houses",1
"A Plague on Royston Vasey",1
"A Portrait of an Artist as an Overage Man",1
"A Preguiça",1
"A Present for Mom",1
"A Quarter/Egg/Red",1
"A Question of Fact",1
"A Quiet Life",1
"A Road Apart",1
"A Shadow on the Sea",1
"A Sound of Dolphins",1
"A Stand Up Guy",1
"A Star Is Born/Who Took the Teddifesto",1
"A Stark Modern Home Gets the Charm it Needs and Becomes a One of a Kind Showpiece in the Neighborhood",1
"A Stitch in Johnnytime",1
"A Sudden Tragedy! A Gunshot Shuts Down the Future!",1
"A Swing Opera",1
"A Tale for Thomas",1
"A tarde é nosa",1
"A Thousand Acres",1
"A to Z: Professor Turner's Sexist Rating System",1
"A través del silencio",1
"A Trip for Peg",1
"A Waste of Energy",1
"A Woman of No Importance",1
"A Year in Mooring",1
"Aaargh",1
"AAMCO",1
"Abanindranath",1
"Abduction Zone",1
"Abschied von einem Freund",1
"ActorsE Chat with Said Faraj and Christie Philips",1
"ActorsE with Cheryl Francis Harrington and Brett Walkow",1
"Adventure Divas",1
"Adventures of Huckleberry Finn",1
"Aflevering 1055",1
"Aflevering 2",1
"Aflevering 3",1
"Aflevering 5",1
"Aflevering 9",1
"After",1
"Agent Vinod",1
"Agliyorsam yasiyorum",1
"Agonas",1
"Agrokomerc",1
"Agua de Tabasco",1
"Ah Beng Returns",1
"Ahnuld for Governor",1
"Ailipu yu Sainaimu",1
"Ajasta ikuisuuteen",1
"Akademik Ivan Pavlov",1
"Al Qaeda en la red",1
"Albuquerque",1
"Alejandra",1
"Alexander the Mouse",1
"Alexandra",1
"Aleya: A Bangladeshi Poet in America",1
"Alger et ses environs",1
"Alice and the Blonde",1
"Alice.",1
"Aliens in Avonlea",1
"Alindog",1
"All-American Comfort Food",1
"All Man",1
"All the World's a Stage",1
"Allegation: Part 1",1
"Alles im Griff",1
"Alles voor de pleegzorg",1
"Allison/Hagerty",1
"Alô Doçura",1
"Aloha Hawaii",1
"Álom, álom, rémes álom...",1
"Alone in the World",1
"Alone No More",1
"Along the G-Train",1
"Alpentragödie",1
"Alpha Dead",1
"Alternate Ending: Behind the Scenes",1
"Alternative Healing",1
"Altijd op de vlucht",1
"Amado Batista/Henri Castelli/Paloma Bernardi",1
"Amanda & The Guardian",1
"Amants et voleurs",1
"Amateur Millionaires Club",1
"Ambition",1
"Amelia Earhart",1
"America's Instant Idols",1
"American Bukkake 11",1
"American Idol Makeovers",1
"American Wet Dream",1
"Americans on Hold: Profiling, Prejudice, and National Security",1
"Americanski Blues",1
"Amerika Idol",1
"Amok",1
"Amor parricida",1
"Amores como el nuestro",1
"Amy Prentiss",1
"An Affair to Forget",1
"An American Girl in Paris: Part Deux",1
"An Audience with Bruce Forsyth",1
"An Unbearable Day",1
"An Unfinished Home Wreaks Havoc on a Family",1
"Anaheim Comic Con Highlights",1
"Anak",1
"Anal Sluts and Sweethearts 4",1
"Anal Vision 11",1
"Anatomie eines Mordes",1
"And Baby Makes Two",1
"And Madness Shall Reign",1
"Andriesh",1
"Andy Williams Christmas Special",1
"Animals in Our House?",1
"Animated Tales of the World",1
"Anke, von Männern krieg ich nie genug!",1
"Anmacherinnen 2: Die Autopanne",1
"Annaui yuseo",1
"Anne Hathaway/Florence and the Machine",1
"Añoranza",1
"Antes de armas tomar...",1
"Antler Action",1
"Anwälte der Toten",1
"Anyuta",1
"Apaches",1
"Aparecidos",1
"Apariciones marianas",1
"Apenas Uma Ilusão",1
"Appearance",1
"Appuntamento al buio",1
"Après la chute de l'Aigle",1
"Archaeological Dive",1
"Argentine Horses",1
"Arma Letal 5",1
"Army of the Dead: Serbia",1
"Arrival of the Queen",1
"Arrivals and Departures",1
"Art Is...",1
"Arthur Needs Space",1
"Artisans de notre histoire, Volume 7: La Confédération",1
"As Fate Would Have It",1
"As Lia Fulfills Her Position as Punong Bantay, Mateo Comes to Term on Being a Vampire",1
"As Mensagens de Diana",1
"As Professoras",1
"Asdfmovie5",1
"Ashita e furî kikku",1
"Ashton's Auditions 3",1
"Así es, si así os parece",1
"Askin kesisme noktasi",1
"ASS Apartment Sketch Show",1
"Assailant Unknown",1
"Astronaut Suspects NASA Using Him to Test Space's Effects on Fat People",1
"At First It Was Funny",1
"At the Demolition Site",1
"Atman",1
"Audition Day 1",1
"Auld Robin Gray",1
"Aunt Abigail's Beau",1
"Ausverkauf",1
"Autodafe moga oca",1
"Autodraha",1
"Autofil",1
"Autotalli",1
"Avatar",1
"Ayano Fukuda",1
"Aye kilere mi",1
"Az ingázó Eötvös",1
"Azoth the Avenger Is a Friend of Mine",1
"Babes Illustrated 8: Garage Girls",1
"Baby Hospital",1
"Babylon Gold",1
"Babysitterville/Counterfit Concert Tickets",1
"Bachelet contre Bachelet",1
"Back to Freedom",1
"Backfire",1
"Bacon/Snowblowers/Luxury Cars",1
"Bad Movie Theatre",1
"Badge of Dishonor",1
"Bag-E-Misar",1
"Bagel Broke My Tooth/Party Gone Bad",1
"Baikingu tanjô",1
"Bakku ga daisuki!",1
"Bakumatsu risshi den ima koso henkaku no toki",1
"Balibo",1
"Ballad for a Blue Lady",1
"Banquet of Melody",1
"Barbados vs Windward - 3rd place playoff & Trinidad & Tobago vs Jamaica - Final",1
"Barbecue",1
"Bare Waves",1
"Barney and the Hooker",1
"Barth's Memoirs",1
"Bass, concierto para animales - Cuerpo natural: Vídeo documental con 1000 ovejas.",1
"Bateau de sauvetage en partance",1
"Batman: Revenge of the Joker",1
"Battle History of the Navy",1
"Battle of the Sword",1
"Be Happy It's Purim",1
"Be True to Your School",1
"Bearing Witness",1
"Beautiful",1
"Beauty's Revenge",1
"Beauty Is a Beast",1
"Become That Hero",1
"Becoming Laura",1
"Bed-Sit Students",1
"Beepside the Seaside",1
"Beer Beer Goggles",1
"Before I Die",1
"Behati Discovers King Anand's Real Reason for Extending His Stay in the Country",1
"Behind the Firing Line",1
"Behind This Convent",1
"België en de Coupe Gordon Bennett",1
"Believe in the Bunny",1
"Ben liebt Anna",1
"Bergshantering/Järnhantering, del 2",1
"Bernardo Bertolucci: Yu qing chun zuo ban",1
"Bess Airs Her Views",1
"Best Butt Fuck",1
"Best Friends",1
"Best Laid Plans",1
"Best U.S. Opens",1
"Better Late Than Never",1
"Bettina Böttinger",1
"Between a Bridgerock",1
"Bicycle Dive",1
"Bidul",1
"Big Busty 25",1
"Billet-doux",1
"Bir korku filmi",1
"Birger Söker Jobb",1
"Birthday Blues",1
"Bitch Police: Unco Edition",1
"Bitchcraft 7",1
"Blackhearts in Battersea",1
"Blaine Manning",1
"Blast from the Past",1
"Blind Date",2
"Blockade",1
"Bloed, zweet en aandelen",1
"Bloedschande",1
"Blood Is Thicker Than Daughter",1
"Blood Money",1
"Bloodlines: Part 2",1
"Blow",1
"Blow, Gabriella",1
"Blue Heaven",1
"Blue Iris on the Sybian",1
"Blumen für Polt",1
"Bobby's Comet: Chapter I",1
"Body Heat",1
"Body Music",1
"Bonaparte quiere vivir tranquilo",1
"Book of Shadows (BOS)",1
"Bossa Bop",1
"Botox & Billionaires",1
"Bou-Bouf enterre sa vie de garçon",1
"Boys' Basement Hangout",1
"Bracni vir",1
"Brandy",1
"Brasil Brasil",1
"Break the Mirror",1
"Break Up",1
"Breakfast",1
"Brian Conley: Outside Chance",1
"Bridges: When It Comes to the Crunch",1
"Brief Encounters",1
"Broken Records",1
"Broken Sword: Shadow of the Blade",1
"Brooke's Dating Game",1
"Brookville, PA Ghost Hunting",1
"Bruce et les sources du Nil",1
"Brusle",1
"BTS: Aspen",1
"Bubber & BS på nye afveje",1
"Bud Brothers Book 7: Once in a Lifetime Love - Part 7",1
"Budget Day/ACC Payout/New Milky Bar Kid",1
"Buhay ng obra",1
"Building Europe",1
"Bullock vs. Collins",1
"Bullwinkle at the Bottom or A Mish-Mash Moose/Double Trouble or The Moose Hangs High",1
"Bunter's Postal Order",1
"Burbujas Calientes #199",1
"Buried Treasure",1
"Busman's Holiday",1
"Butterfly Nut",1
"Button, Button, Who Pushed the Button?",1
"By Any Other Name",1
"Bye Bye Birdie",1
"C2 H5 OH",1
"Ça déménage!",1
"Ça va déchirer ce soir",1
"Cabaret at Jongleurs",1
"Cachunes vs. Chiquilladas",1
"California Dream",1
"Calista Flockhart/Ricky Martin",1
"Cameron vs Jhumel",1
"Canciones para su recuerdo",1
"Candy Bar",1
"Cans of Hope",1
"Capítulo 128",1
"Capítulo 135",1
"Capítulo 154",1
"Capítulo 57",1
"Car Thieves/Zoo Story",1
"Carl and Pearl Butler",1
"Carmeta dels esperits",1
"Caroline and the Sudsy Guy",1
"Casanovas",1
"Cash Call",1
"Cash in Hand",1
"Casimir en permission de six jours",1
"Casino",1
"Casper Takes a Bow Wow and Boo Hoo Baby",1
"Casting the Runes",1
"Cat-Eyes",1
"CatDog and the Great Parent Mystery",1
"Cattle Battle",1
"Causing a Commotion",1
"CBS Reports: The Last Revolutionary",1
"Celebrate",1
"Celebrity Tennis",1
"Central",1
"Cents and the City",1
"Cerný den",1
"Chairry Tee Drive",1
"Challenging a Towering Figure!",1
"Championship Bridge with Charles Goren",1
"Chandrakanta",1
"Chanta-je",1
"Chapter 18",1
"Chapter 3: Chipping",1
"Chapter III",1
"Chapter Nineteen",1
"Charles Boyer Theater",1
"Charlie Curries a Favor from Todd",1
"Check It Out",1
"Checkmate Me, I Prank You",1
"Cheeky",1
"Cheers: The Motion Picture",1
"Chickens",1
"Chicle",1
"Chiko i Kiro",1
"Child Genius",1
"Chiles",1
"China",1
"China: The Giant Awakens",1
"Chinatsu, maji de okoru!!",1
"Chocolate Challenge",1
"Chocolate Chip Cookie",1
"Chocolate, ¿sustituto del sexo?",1
"Choigolo meotjin namja",1
"Chris, Not Krishna, Calling",1
"Chronicles of Syntax",1
"Chuckle and Hyde",1
"Ciclo Alfred Hitchcock",1
"Cities of the Underworld",1
"Citizen Scientists Now Help Track Light Pollution",1
"City Homicide",1
"Clarisse Tries to Kill Lia",1
"Clarkson",1
"Class Strike",1
"Classroom Manners",1
"Claudette",1
"Claus que treuen claus",1
"Clown Charly",1
"Club DVD Vol. 2 No. 5",1
"CMT Top 20 Countdown",2
"CNN Special Reports: The People Bomb",1
"Código de tiempo",1
"Coin rouge, coin bleu",1
"Collar de esmeraldas",1
"College Girl",1
"Collision",1
"Collision Course/Deadly Dorm Games",1
"COLT Lawman Mk-III 2inch",1
"Columbus",1
"Comforting Classics",1
"Comic Cabana",1
"Coming Out",1
"Commander Lawin II",1
"Comment va la douleur?",1
"Community Disservice",1
"Como todas las madres",1
"Company Manners",1
"Complications",1
"Con un par",1
"Concert aan huis",1
"Concours hippique de Tervuren",1
"Condemned/Bolty, the Friendly Robot/Ellen's Horrorscopes: Them Bones",1
"Condo vs House in Tropical Salinas, Ecuador",1
"Confections of a Rock Star",1
"Confesiones",1
"Contact",1
"Conversations",1
"Copeland",1
"Corazón roto",1
"Corazón solitario",1
"Corduroy Pants",1
"Corona De Fuego",1
"Coronation of Their Majesties King Edward VII and Queen Alexandra, Second Scene",1
"Corp & Anam",1
"Corpus Christi",1
"Corruption",1
"Costume Preservation",1
"Cote d'Azur, Buenos Aires",1
"Counterfeit",1
"Cow Bust",1
"Cowboy: Part 2",1
"Cowgirls: Portraits of American Ranch Women",1
"Crack-Up",1
"Crack Addict 6",1
"Crazy, Stupid, Love.",1
"Crime and Punishment",1
"Crimes That Shook the World",1
"Criminal Libel: Regina v Maitland: Part 3",1
"Criticized",1
"Crocs and Shocks",1
"Crocs, Cowboys and City Slickers",1
"Croissants",1
"Crveno, zuto, zeleno... kreni",1
"Cry a Little for Mary Too",1
"Csilluka látogatása/A szerelmes ellenör",1
"Cuando el rio suena...",1
"Cuba: An Island Apart",1
"Cuerpo anclado",1
"Cui gu zhong sheng",1
"Cum Shot Starlets",1
"Cum Swapping Sluts 4",1
"Cupcake Champions: Grand Finale",1
"Cupid's Arrow",1
"Cupid Works Overtime",1
"Curl Up & Dye",1
"Curtain",1
"Curve Balls",1
"Cybilism",1
"Cyborg",1
"Cycle",1
"Cyclown Circus",1
"D. Carlos",1
"Da'n före da'n",1
"Dagen, de alle var dumme - hurra",1
"Daigaku no ninkimono",1
"Dan and the Necrophiliac",1
"Dance Creations",1
"Dangerous Animals",1
"Dangerously Funny",1
"Daniel Lanois",1
"Darksiders & Gunnar Optiks",1
"Darrel the Whiner",1
"Darüber spricht man nicht - Schattenseite der häuslichen Pflege",1
"Das Konzert",1
"Das Werdenfelser Land",1
"David Boreanaz",1
"Day of the Machines",1
"De bushalte",1
"De lustige weduwe",1
"De ster",1
"De weddenschap",1
"Dead Bang",1
"Deadly Medicine",1
"Death Scream",1
"Deaths in New York",1
"Décimo Grado",1
"Deep Waters",1
"Defendant Clarence Darrow",1
"Del 1",1
"Delayed",1
"Denice Klarskov",1
"Denise Austin: Hit the Spot - Core Complete",1
"Dennis the Menace",1
"Denver: Egotastic",1
"Der Apfelgarten",1
"Der Auslöser",1
"Der erste Tag",1
"Der kleine Unterschied - Warum Männer und Frauen nicht zusammen passen",1
"Der Lüneburger Heide",1
"Der Spritzbrunnen",1
"Der Tod des Uhrmachers",1
"Der Weihnachtsmann ist da",1
"Der Wollpullover",1
"Derek Jeter",1
"Dernier acte",1
"Des enfants bien enlevés",1
"Des gens si bien élevés",1
"Desencontro",1
"Designers Tracy Reese, Sofia Joelsson, Bar Basics",1
"Designing Dreams",1
"Despedida de solteiro",1
"Detective Comics #27",1
"Dev.D",1
"Devi Maa",1
"Deviations",1
"Día negro",1
"Diana: A Portrait",1
"Dick Armey",1
"Dicotomía",1
"Die 30 schrägsten Frisuren",1
"Die Abenteuer des Sexdiplomaten",1
"Die Er­fin­dung der Liebe",1
"Die Freibeuterin",1
"Die Frühlingsshow",1
"Die grosse Flucht",1
"Die große Liebe",1
"Die John Williams is zo mijn type niet!?",1
"Die Kramer",1
"Die Kündigung",1
"Die Legende von Paul und Paula",1
"Die Lust zu leben",1
"Die Macht der Stunde - Geschichte der Zeitmessung",1
"Die Mutprobe",1
"Die schwarze Hanne",1
"Die, in der die Fete nicht weiter geht",1
"Diet",1
"Different Strokes 11: Boneward Bound",1
"Digital Photography",1
"Dile que no estoy",1
"Dining",1
"Dining Room Chairs",1
"Dirty Dancing",1
"Disarmed and Dangerous",1
"Disco Dolls",1
"Discovered Through an Opera Glass",1
"Diving at Bath Beach (No. 2)",1
"Dnevnik bekstva sa robije",1
"Do Us All a Favour",1
"Doctor Daisy M.D.",1
"Doctor Rock",1
"Dodo Goes to Paris",1
"Does Pete Dream of Electric Sheep?",1
"Domingo",1
"Don't Call Me an Idiot You Whore!",1
"Don't Come Around Here No More",1
"Don't Cry for Johnny Devlin",1
"Don't Scrimp on Scampi",1
"Don't Take Me for Granted",1
"Don the Musical",1
"Donut Contacts 'Part One'",1
"Doogie Has Left the Building: Part 2",1
"Double Blind",1
"Double Exposure",1
"Double Load 2",1
"Douze + un[e]",1
"Down Syndrome",1
"Dr Kalie",1
"Dr. Kelly",1
"Dr. Mary Hall",1
"Dr. Oz's Swimsuit Cleanse: Drop 5 Pounds in 5 Days!",1
"Dr. Solomon",1
"Dragons' Den",1
"Dreamer",1
"Dreamgirl",1
"Drinking with Freshmen",1
"Drive",1
"Driving Lessons",1
"Driving on Thin Ice",1
"Du bonheur nuptial et de ses révélations inattendues",1
"Du und ich und Klein-Paris",1
"Ducktail Versus Afro Showdown",1
"Duke of Coburg's Carriage",1
"Dundee: Francis",1
"Dying for the Other",1
"É o Maior!",1
"Earth Moon Sun: Western Springs, Ill.",1
"Easy Breezy",1
"Easy Way Out",1
"Ed Stewart",1
"Edie Adams vs. Peter Lind Hayes",1
"EDork",1
"Een pop heeft ook gevoel",1
"Eevalla on asiaa kirkonkylään",1
"Effective Detectives",1
"Eguzairu puraido",1
"Egy szavazat",1
"Eiga Kureyon Shinchan: Otakebe! Kasukabe yasei-oukoku",1
"Eija-Liisa Ahtila - tarinoita toisin",1
"Ein Laufstall für die Hyänenbabys",1
"Ein Mordsgeschäft/Rivalen/Der Profi",1
"Ein Sarg aus Genua",1
"Ein schweres Erbe Teil 2",1
"Eine Herzensangelegenheit",1
"Eine Stunde Angst",1
"Eiskalt und knallhart",1
"Eksyneet ruusut",1
"El Cain del bajio",1
"El candidato",1
"El entierro de Sito",1
"El hospital de la risa",1
"El hub bahdala",1
"El incendio",1
"El informe falso vuelve a aparecer",1
"El Manzano Azul",1
"El mundo del bebé",1
"El país Vasco Francés",1
"El profeta",1
"El rescate",1
"El sexo debil",1
"Elena",1
"Elfte Folge",1
"Eliot's Laurels",1
"Elmer the Great Dane",1
"Elmo Saves Christmas",1
"Elmore Leonard",1
"Emily's World",1
"Emmy - 100 Jahre nie einen Liebeskummer",1
"Emotional Rescue",1
"En-vías",1
"En la selva oscura",1
"En lille kylling med kyse på",1
"En un segundo",1
"Enemies with Benefits",1
"England vs Australia: 3rd Ashes Test Match - Day 4",1
"Entropiya",1
"Eojeggajina geudaemaneul",1
"Epiphany",1
"Episode #71",1
"Erään oopperan synty",1
"Erky Perky",1
"Errol Flynn",1
"Esas cuatro notas",1
"Escape from Bear Mountain",1
"Eskalation",1
"Especial 300",1
"Esprit de suite",1
"Eternal Life Is Like What?",1
"Eternal Youth",1
"Ethel Kennedy: Carrying On",1
"Ethiopia: The Omo Valley",1
"Eugene!",1
"Euròtics",1
"Evan and Maria-Isabel Set Out to a Find Home in Historic Granada, Nicaragua That Is Both Relaxing, and Convenient to the Restaurant They Own",1
"Evander Holyfield vs. Riddick Bowe",1
"Everybody Hates Hall Monitors",1
"Everyone's a Critic",1
"Excelsior",1
"Exit",1
"Exploring Love",1
"Explosiv",1
"Eyes Play Tricks",1
"Facebook",1
"Facim 75",1
"Fair Game",1
"Faith",2
"Fall Sports",1
"Fallen Hero",1
"Falsche Hoffnungen",1
"False Trail",1
"False Witness",1
"Family Fortunes",1
"Family Matters",1
"Fan's Club",1
"Fan Club",1
"Fantashtick Voyage",1
"Fantasmas del pasado",1
"Far Far Out!",1
"Fassadenschwindel: Teil 2",1
"Fasten Our Seatbelt",1
"Fatal Compulsion",1
"Father",1
"Father's Day",1
"Father Faust",1
"Father/Daughter Murder",1
"Fay & Ivy",1
"Fearless",1
"Federico en concierto I",1
"Feeling Strong",1
"Felicia Day & Jeff Lewis Assemble an Ikea Wardrobe!",1
"Fen Dou",1
"Ferngesteuerte Beats",1
"Fever",1
"Fight for Life",1
"Filetto",1
"Film Club",1
"Filoxenoumenoi",1
"Filthy's First Taste 5",1
"Final Weigh-In",1
"Fine Feathered Friend",1
"Fine pena mai: Paradiso perduto",1
"Fingers",1
"Fire Break",1
"Fire by Night",1
"Fire in the Middle",1
"First Edition",1
"First Half Preliminary Round 4: Petitto vs. Ross/Carroll vs. Wyatt",1
"Fish & Chips",1
"Five Minutes to Twelve",1
"Five Survive",1
"Fix",1
"Flashback",1
"Flashback to Danger",1
"Flashbacks of a Fool",1
"Flat3",1
"Flesh and Blood",1
"Flesh/Blood",1
"Flight Squad",1
"Flimflam Thank You Man",1
"Flipper's Odyssey: Part 3",1
"Flirting with Disaster",1
"Florida Family Buys Home on an Island",1
"Flowers for a Tiger/The Old Phone/Everyday is my Birthday",1
"Flowers for Fannie",1
"Fly",1
"Fly a Mile in My Boosters",1
"Folge 97",1
"Folly of Vanity",1
"Foosball Effect",1
"Force majeure",1
"Forget Paris",1
"Forgot to Register",1
"Formula Five",1
"Fort Boyard 2000",1
"Four Weddings, a Funeral, & a Bris",1
"Foxy Grandpa Tells the Boys a Funny Story",1
"Fra den gamle Købmandsgaard",1
"Fragments from the Lower East Side",1
"Francis Storm Investigates",1
"Frankenstein's Quest, the Development of Life: First Take an Egg...",1
"Frankenstein Meets the Wolf Man",1
"Franklin and the Nature Nuts Hike/Franklin and the Terrible, Terrible Bubble",1
"Franklin and the Thunderstorm/Franklin's Maple Syrup",1
"Franziska",1
"Freda's Story",1
"Free Sample",1
"Free Trade",1
"Free: Cole Rossouw",1
"Freedom's Call",1
"French Elections",1
"French Fare",1
"French for Love",1
"Frenzied Film",1
"Fresh Hot Babes 9: College Pussy",1
"Friendly Fire",1
"Friends Don't Fade Away",1
"Friends of Peter G.",1
"Frohes Fest trotz leerer Kassen?",1
"Frolf: The Movie",1
"From Russia with Lust",1
"From Scratch",1
"From Woodside, Queens",1
"Fronteras argentinas: Ezeiza",1
"Fuck My Tits 5",1
"Fuga frustrada",1
"Fûga no gihou",1
"Fugue State",1
"Fujisan: Sono shokubutsu shakai",1
"Full Throttle",1
"Fun and Games",1
"Fun with Camille",1
"Funerale di Chavez",1
"Funnel of Darkness",1
"Furaingu rabittsu",1
"Furious Flower: A Video Anthology of African American Poetry 1960-95",1
"Fußball ist unser Leben",1
"Fútbol violencia S.A.",1
"Fuzion Frenzy",1
"FWD: If You Love Someone Watch This",1
"G & G: Supermans' Tights",1
"G5 - Gimme Five!",1
"Gagged and Bound Nudes",1
"Gaku no Himitsu!!",1
"Gakusei ijimekko gurûpu 2",1
"Gala #3",1
"Gala Drag Queen 2009",1
"Gala TP de oro 2001",1
"Gala TP de Oro 2006",1
"Gale Is Dead",1
"Game Over",1
"Ganga Maiyya",1
"Garagara's Bone Club",1
"Gardel; ecos del silencio",1
"Garden of Loneliness",1
"Gareth Gates: Live - Behind the Scenes",1
"Gasser Magoo",1
"Gathering of Evil",1
"Gavroche et Pétronille visitent Berlin",1
"Gay Marriages",1
"Gelegenheit macht Diebe",1
"Gemma",1
"Generation Gap",1
"Genghis Khan",1
"Gentleman",1
"Geoff Takes One for the Bum",1
"Geomeun yagwangju",1
"Georg Vitter",1
"George's Island",1
"George Lucas and JonTron Visit Jupiter",1
"George Washington",1
"Gertrude Stein: When This You See, Remember Me",1
"Get a Dorse",1
"Get it Together",1
"Get to Know Your Rabbit",1
"Geuliun eolgol",1
"Ghar Ki Shobha",1
"Ghent Wakefield",1
"Ghost Ship",2
"Ghosts",1
"Giacomo Puccini - Die dunkle Seite des Mondes",1
"Giardini di luce",1
"Gib Gas - Ich will Spaß!",1
"Giga's Egg",1
"Gigi: God's Little Princess",1
"Gilligan's Mother-in-Law",1
"Gingersnap",1
"Giorgos Dalaras: Katrakeio '89",1
"Giorni felici",1
"Giovannino",1
"Girls Gone Wild: Extreme Sex Vol. 2",1
"Girls Gone Wild: Mardi Gras 2K2",1
"Girls on Film",1
"Girlvert 7",1
"Give Me Your Love",1
"Give Until It Hurts and Then Some",1
"Give Us a Kiss, Christabel",1
"Gladiator",1
"Gladys and the Piggy Bank",1
"Glanz in deinen Augen",1
"Glass 13: Fusoroi No Ichigo-tachi",1
"Glass Boy",1
"Glastonbury 2011 Beyonce",1
"Glen/Lisa",1
"Glenn Martin DDS",1
"Gli iconoclasti",1
"Glimpses of Southern France",1
"Global Report",1
"Gloria",1
"Glory Blaze!",1
"Glow Against the Sky",1
"GMTV",1
"Go Grandriders",1
"Gobble",1
"God's Gift to Women",1
"God Afton, Herr Wallenberg",1
"Going Crooked",1
"Going Once, Going Twice",1
"Gold and Two Men",1
"Golden",1
"Golyós mese",1
"Good Arrows",1
"Good Cop Mom",1
"Good Day, Harvey Schnitzel",1
"Good Morning America",1
"Good Times",1
"Goodbye Summer",1
"Gordon Runs Dry",1
"Gorod prinyal",1
"Gott schützt die Liebenden",1
"Gourmet Fish/Pesce Di Bungustao",1
"Gradebook",1
"Gran lanzamiento",1
"Grand-père",1
"Grand Divine Judgment",1
"Grandpa",1
"Grave",1
"Gravel and Stones",1
"Great Adventures",1
"Great Outdoors/Pet Peeves/Talent Show",1
"Greatest Moments",1
"Green Diggity Dog",1
"Green Onion",1
"Greeting from a 12-Bore",1
"Grenzfälle",1
"Greyhearts",1
"Grif starogo bortsa",1
"Group Bang",1
"Gsm",1
"Guard Duty",1
"Guelph: Suffer the Children",1
"Guerilla Shoot",1
"Guest House Paradiso",1
"Guests of Hotel Astoria",1
"Gugu: Ich suche meinen Vater in Südafrika",1
"Gunnar Goes God",1
"Guns of Diablo",1
"Gurjar Veer",1
"Gwaai sau hok yuen",1
"Gwor hak",1
"Gym Dandy",1
"H2Oh God, My Hip!",1
"Há Petróleo no Beato",1
"Haciendo caminos",1
"Hajimete no tomodachi gureesu",1
"Half Blood Samurai",1
"Half Deaf Is Better Than All Dead",1
"Half Way",1
"Halina Neneng ko",1
"Halloweener",1
"Hand Cannon/Pink Pistol",1
"Hanmanheon du yeoin",1
"Hannah Montana DVD",1
"Hans Sahl - Charterflug in die Vergangenheit",1
"Happy Birthday, Dear Mother!",1
"Happy Dark",1
"Harag W' Marag",1
"Harbor Island",1
"Hard Vice",1
"Hardwood-Floor Dreams",1
"Harrigan's Kid",1
"Harrison",1
"Harry Jerome",1
"Harry Reutlinger of the Chicago Herald",1
"Hart auf hart",1
"Hasan Kachal",1
"Haseena",1
"Haselhörnchen - Hier knallt die Ente",1
"Hatya",1
"Hauling in the Fish",1
"Haunted Road Trip Part 4: Texas Ghost Show",1
"Haunts of a Honey Blonde",1
"Haupango",1
"Häuser unterm Kreuz",1
"Have a Go, Hero",1
"Hawaiian Vacation",1
"Hay otras dimensiones",1
"Hazaar Pariyan",1
"He Couldn't Get Up in the Morning",1
"He Is Heavy, He's My Brother",1
"Headhunting in Oregon/The King & Queen of Cheese",1
"Health Benefits in the Gym",1
"Heart of a Soul Surfer",1
"Heat as Energy",1
"Heavy Meddle",1
"Hegemonia: Legions of Iron",1
"Heiß und kalt",1
"Held to Ransom",1
"Helicopter Mom",1
"Hell's Angel",1
"Hell's Crater",1
"Hell on Wheels Gang Girls Forever",1
"Hellé",1
"Help Wanted",1
"Helping",1
"Helten fra Østafrika",1
"Hemingway, the Hunter of Death",1
"Heneral Paua",1
"Henry John and the Little Bug",1
"Henry Rollins, Your Number Is One",1
"Her After",1
"Her First Adventure",1
"Her Moment",1
"Her Polished Family",1
"Herb Alpert and the TJB",1
"Here Comes Thursday: The Rise and Fall of Harris",1
"Here I Am",1
"Hermanni ja Helsingin herrat",1
"Herr, Frau, Hund",1
"Herz ohne Gnade",1
"Herzklopfen",1
"Hickey",1
"Hide and Seek",1
"High Adventure",1
"High Fly Guy",1
"High Flying Look",1
"High Stakes",1
"Highway",1
"Hiilisangolla ratsastaja",1
"Hilfe! Eltern!",1
"Hilfe! Sperma von allen Seiten!",1
"Hip Hop Collabos",1
"His Battling Blood",1
"His Model Wife",1
"His Perfect Day",1
"His Youthful Fancy",1
"Histórias Lésbicas",1
"History of Video Games: Part 1",1
"Hit and Run: Part 2",1
"Hit Me",1
"Hizamakura",1
"Hoagy Carmichael",1
"Hoarders",1
"Hoggle the Hermit",1
"Hoisting Guns Into Position",1
"Holiday Spin",1
"Holkham Hall",1
"Hollywood's Nailin' Palin",1
"Hollywood & Highland Part 1",1
"Hollywood Canine Canteen",1
"Hollywood Magic",1
"Home Alone",1
"Home Defense",1
"Home Truths",1
"Homeboy",1
"Homecoming",1
"Homecoming Queen",1
"Homecoming Surprise",1
"Homegrown",1
"Homeland",1
"Homeless",1
"Homeward Bound",1
"Homo toxicus",1
"Honeckers Air Force One",1
"Honest Injun",1
"Honey and Trombones",1
"Honey Moon, Mini Moon",1
"Honey Vicarro",1
"Hooray for Love",1
"Hoosier History: The Truth Behind the Legend",1
"Hope",1
"Horizonte të hapura",1
"Horny Black Sisters Together 2",1
"Horny Latin Stepdaughter",1
"Horoscope",1
"Horse Party",1
"Hot 50+ 8",1
"Hot Pursuit",1
"Hotel Golf Charlie",1
"Hou die Blink Kant Bo",1
"Houdini's Handcuffs",1
"House of Another",1
"House of Awkward",1
"House of Entrapment",1
"House on Fire",1
"House Rules",1
"Housesitter",1
"How Henry Miller Changed My Life",1
"How Impregnable Is a Magic Tower?",1
"How Maui Slew the Great Sea Serpent",1
"How to Be a Player",1
"How to Blow Up Your Babysitter",1
"How to Break Up with Your Mother",1
"How to Tuck in Your Shirt",1
"How Women Love",1
"Howaito auto",1
"Hríchy pro pátera Knoxe",1
"Hrvati u Austriji",1
"Hua er duo duo",1
"Hub wa idam",1
"Hugo: Working Stiff",1
"Hula Hupp",1
"Hulchul",1
"Humains",1
"Human Hearts",1
"Human Rights in Canada",1
"Humbug Not to Be Spoken Here",1
"Humpty Dumpty Sat on the Wall: Part 3",1
"Hunt the Man Down",1
"Hurricane Hutch",1
"Husbands Won't Tell",1
"Hvor skal skabet stå?",1
"Hwanghonui Manhattan",1
"Hy Mayer: His Magic Hand",1
"I'll Sleep When I'm Dead",1
"I'm No Fool Having Fun",1
"I'm Your Guy",1
"I've Heard the Mermaids Singing",1
"I Accept That",1
"I alli opsi",1
"I Am Not a Hipster",1
"I anadyomeni",1
"I baccanali di Tiberio",1
"I bambini ci amano",1
"I Can't Say No",1
"I Can Hardly Tell You Apart",1
"I Fought the Law",1
"I fratelli Robinet",1
"I genitori in Blue-Jeans",1
"I Got Away",1
"I gult och blått",1
"I Just Love My Red Shiny Shoes",1
"I Love a Soldier",1
"I Love Camping",1
"I Love You, I Love You, I Love You",1
"I of the Storm",1
"I prekrasnyy mig pobedy",1
"I Prophesy: Mother Shipton's Visions",1
"I rifiuti del Tevere",1
"I Wanna Hold Your Hand",1
"I Wish I Had Wings",1
"I, Tobor",1
"Ice Box Raider/One Two Many/Baddie Buddies",1
"Ich bin nicht zu sprechen!",1
"Ich war ein glücklicher Mensch",1
"Ideas & Smoke",1
"Idi Muzhakkam",1
"Ido",1
"Iepes coordinación",1
"If He Hollers, Let Him Go!",1
"If I Were the Marrying Kind",1
"If My Country Should Call",1
"If You Could See What I Hear",1
"Igglepiggle's Blanket Walks About by Itself",1
"Ik ben het, liefje",1
"Ikeru Shikabane",1
"Il canarino del colonnello",1
"Il caso Pisciotta",1
"Il était une fois Jean-Sébastien Bach",1
"Il giogo",1
"Il Luogo Dal Quale Provengo",1
"Il manocchio",1
"Il n'y a guère que les actions qui montent",1
"Il paese della paura",1
"Ilta on vielä nuori",1
"Im echten Manne ist ein Kind",1
"Im Reich der Zwerge",1
"Ima, soko ni iru boku",1
"Imagen de muerte",1
"Imágenes del deporte Nº 53",1
"Imagine 01: A Celebration of Children's Hospital Los Angeles",1
"Imagining Love",1
"Immer lustig",1
"Impact",1
"Impecable",1
"Impuls",1
"In Case of Emergency",1
"In Case of Emergency, Cry Havoc",1
"In Decision",1
"In Defense of Kids",1
"In Dreamy Jungletown",1
"In Excess",1
"In Goethes Weimar",1
"In Jest and Earnest",1
"In Search of Tarzan with Jonathan Ross",1
"In the Breakroom",1
"In the Dust of the Rabbi",1
"In the Name of God",1
"In the Tepee's Light",1
"Ina, Anak, Pamilya",1
"Inauguração da Fábrica Portuguesa de Artigos Eléctricos",1
"Incanto",1
"Inception",1
"Incident at Deception Ridge",1
"Incident of the Silent Web",1
"Independently Blue",1
"Indian Territory",1
"Indianapolis Colts vs. Jacksonville Jaguars",1
"Indigènes: Sur les traces d'indigène",1
"Info Wars",1
"Inkognito",1
"Innocent: Part 1",1
"Insha!! Hakui to nawa",1
"Inside Edition Investigates Postal Sex Offenders",1
"Inside Jobs 3",1
"Inside Man 2",1
"Inside Scan: The New Order",1
"Inside the Dance",1
"Instant-TV",1
"Instant Family",1
"Insult and Injury",1
"Intercessor: Another Rock 'N' Roll Nightmare",1
"Interferenze",1
"International Showtime",1
"Internet Explodes as NY Legalizes Gay Marriage",1
"Interview with John Farnham",1
"Into the Fire",1
"Into the Rockies",1
"Into the Storm",1
"Intro to Philology",1
"Invasion der Exoten",1
"Investigative journalism",1
"iPOP",1
"Irondale Barbershop",1
"Is Radio Dead?",1
"Is There Anything Wrong in That?",1
"Isabella",1
"Iskandalo",1
"Isla Urbana",1
"Islandia",1
"Ismo, Lasse ja kauhea kankkunen",1
"Iss Pyaar Ko Kya Naam Doon",1
"It's a Long Way There",1
"It's All in the Cards",1
"It's My Birthday, Too (Yeah!)",1
"It's Not the Dinners!",1
"It's Now or Never",1
"It's the Arts",1
"It's Very Trying",1
"It Was a Very Good Year",1
"It Was All a Dream",1
"Itao Itsuji no datsugoku-ô",1
"Itsuwakari no koibito!",1
"Itto Titrit",1
"ITV at the Movies",1
"Ivanhoe",1
"Iyemitsu to Hikoza to isshin yasuke",1
"Izari katsugorô",1
"J'attendrai le suivant...",1
"Jack Jack",1
"Jack Jumps In",1
"Jackie-Lee Navarro",1
"Jacqueline Jones",1
"Jacques Pessis: Les années yé yé",1
"Jacuzzi Rooms",1
"Jadakiss: Kiss of Death - Tour 2005",1
"Jak prezít zlozvyky",1
"Jake Arrives",1
"Jake Johnson Loves Drunk Acting",1
"Jaliek Rainwalker",1
"Jam-mot deun-eun bam",1
"Jamaica",2
"James Cagney",1
"Jane Seymour and Lisa Kudrow and John Goodman",1
"Janeane Garofalo: If You Will - Live in Seattle",1
"Janepar",1
"Janet of the Chorus",1
"Janguru hausu 3 gasu: Hayashiya Sanpei",1
"Jardim de Guerra",1
"Jared Diamond",1
"Jarhead",1
"Jarní vody",1
"Jason's Ex-Lovers",1
"Jason Priestley",1
"Je voudrais aimer personne",1
"Jean Charles",1
"Jeanine and Steven's Holiday",1
"Jeder Mensch ist ein Tisch, nur ich bin ein Stuhl",1
"Jedini izlaz",1
"Jeff's Surprise Ambush Blowout!",1
"Jeff Garcia",1
"Jeg for alene vild",1
"Jeitinho Brasileiro",1
"Jennin paratiisisaaren rauha rikotaan",1
"Jenny",1
"Jeo-su-jie-seo geon-jin-chi-ta",1
"Jeremy's Broke",1
"Jeremy Cozad vs. Darrin Kling",1
"Jermayne Mitchell/Gwen Bewley Homicide",1
"Jesse James Meets Frankenstein's Daughter",1
"Jet Set",1
"Jeunes gens",1
"Jewel",1
"Jigoku no fantajîrando",1
"Jim Knopf und Lukas der Lokomotivführer",1
"Joey and the Party for Alex",1
"John Lennon's Jukebox",1
"Johnny Monroe",1
"Joho presenter tokudane!",1
"Jokebook",1
"Jose Lays Out His Conditions Before Allowing Henry to Marry His Daughter",1
"José Maria esta vivo",1
"Journey to Terror",1
"Judge Karen's Court",1
"Juguetes bajo la lluvia",1
"Juken bangou wa 13-ban",1
"Julio César",1
"Jumping",1
"Jumping Rocket Ship",1
"Jun Shibuki",1
"Jungfernfahrt",1
"Jungle Run",1
"Jungle Train",1
"Junior Masterchef",1
"Just a Minotaur",1
"Just Married",1
"Just One Day",1
"Just Wingin' It",1
"Kaj og Andrea redder Willy",1
"Kala xeberdemata",1
"Kapitan Awesome Meets Kapitan Handsome",1
"Kapou se xero",1
"Karijera u suknji I",1
"Katerina Dodges Nathan Because of Daniel",1
"Katilda/The Secret Door",1
"Katou voelt zich rot",1
"Kauntâ no uso",1
"Kendo Girl and the Legend of the Dragon Palace: Is This a Dream?",1
"Kenny Chesney",1
"Kentaro Freaks Out! Yotsuya's Frightening True Identity",1
"Kev's Story",1
"Kevin Sorbo's Autobiography",1
"Key Congressional Leaders",1
"Kicking Bad Habits",1
"Kidnapped",2
"Kids, Guns & Blood in Our Streets",1
"Kierunek Kraków",1
"Kifaru! Kifaru!",1
"Killer",1
"Killer Cats",1
"Killer Kids",1
"Killer on Campus/The Bow Hunter",1
"King Flear",1
"King of Charm City",1
"Ko banare, oya banare Part 1",1
"Kogitsune no boshi",1
"Korean Food White Clam Soup",1
"Korean Mini Novelas",1
"Krusty Dogs/The Wreck of the Mauna Loa",1
"KT Tunstall",1
"Kuchenfolter",1
"Kun rakastutaan",1
"Kurt Vonnegut",1
"Kvótakerfið/Mannréttindabrot",1
"L'atelier du rire",1
"L'huissier",1
"L'inconnu du pont de la Garonne",1
"L'inconnue du canal",1
"L'oeil de l'autre",1
"La batalla final",1
"La belle dame Monique",1
"La clau de ferro",1
"La decisión de Rubén",1
"La Entrevista",1
"La femme de mon père",1
"La Gioconda di Amilcare Ponchielli",1
"La huelga de Fany",1
"La madre de Aurora",1
"La negociación",1
"La révolte",1
"La rivincita",1
"La star",1
"La suerte no llega sola",1
"La télévision des Papous",1
"La tête dans les étoiles",1
"La vida secreta de la ropa",1
"La vio gorda 2",1
"La Visita de la Tía July",1
"Labios venenosos",1
"Lachlan Patterson",1
"Læsø, Erland & Jorn",1
"Lair of the Lummox",1
"Lake City Concert Series IV - A Concert for Spring",1
"Lament for a Dead Indian",1
"Las modernas operaciones de prótesis",1
"Las Vegas",1
"Le collier de velours",1
"Le détail qui tue",1
"Le dinosaure des profondeurs",1
"Le plus beau jour de ma vie",1
"Leap for Freedom",1
"Legacy of Blood",1
"Legend of Neil Star Tony Janning",1
"Lemonade Mouth Soundtrack Debut",1
"Lena Horne vs. Abe Burrows",1
"Lenôtre contre Lenôtre",1
"Leo tuvo una nueva crisis",1
"Leroy and the Kid",1
"Les grandes jonques",1
"Let's Dance!",1
"Let's Get This Over With",1
"Letter",1
"Letter of the Law",1
"Liar, Liar #6",1
"Liechtenstein Successfully Tests Teeny Tiny Nuclear Bomb",1
"Life-Chnaging Transformations",1
"Life Insurance",1
"Lights, Camera, Traction!",1
"Lindsey Buckingham with Stevie Nicks",1
"Línea 12, línea dorada",1
"Lionheart",1
"Lisa Kudrow and Jesse Tyler Ferguson",1
"Lisbet Dahl",1
"Little Lost Lamb",1
"Live Show 3",1
"Log Rolling & Cardboard Arcade",1
"London-New York",1
"London Borough Election Special",1
"London: Thoby",1
"Lone Star Killer",1
"Lone Wolf",1
"Lord of the Weenie",1
"Lorenzo's Time",1
"Los Incomparables de Tijuana & Armando Sanchez",1
"Los nuevos espías",1
"Lost",1
"Lost and Found",1
"Lost Footage 2",1
"Lotto Fever",1
"Louisville, KY",1
"Love Goddesses of the World",1
"Love the One You're With",1
"Love the Skin Im In",1
"Luck Is a Lady",1
"Luella",1
"Lum-chan the Ruthless Rebel",1
"Luna llena",1
"Lying Around the House/Bubble Boy",1
"Ma Wilson",1
"Mac and Me in 3 Minutes",1
"Mad Max II: The Road Warrior",1
"Madness and Mayhem in Morocco",1
"MADtv",1
"Mai Palusot",1
"Maine Squeeze",1
"Maji!? Yûrei yashiki daibôken!",1
"Making Felt Art",1
"Making ze video for 'Raza Skoota'",1
"Malaria: Battle of the Merozoites",1
"Mammutsteppen",1
"Man Behind the Mask",1
"Manga Mania",1
"Mangosteen: HIV/AIDS in Malaysia",1
"Manhattan Mixup",1
"Mann ohne Gedächtnis",1
"Mannen som hatet pokaler",1
"Mantrap",1
"Mar asesino",1
"Marathon Dancers",1
"Mares de ningú",1
"Margaret's Jealousy",1
"Margot",1
"Maria",1
"Marido sensato",1
"Marie Curie",1
"Marigolds in August",1
"Mario Lopez & Hey, Can You Cook? Finale",1
"Mark's Big Break",1
"Marker 262",1
"Markheim",1
"Married in Haste",1
"Martin Lawrence",1
"Marty's Corner",1
"Mary's Crusade",1
"Mary J. Blige",1
"Marzyc kazdy moze",1
"Master Tracks",1
"Match 13: Chennai Superkings vs Royal Challengers Banglore & Match 14: Punjab Kings XI vs Pune Warriors",1
"Match Made in Hell",1
"Mater Dolorosa",1
"Material Evidence",1
"Mates",1
"Maths Degree",1
"Matrimoni",1
"Matthew McConaughey",1
"Maureen Droney",1
"Mauritius - Schatzinsel im Indischen Ozean",1
"Max Goes to Washington",1
"Maximilian, jetzt bist du dran",1
"Maybe the Greatest Show on Earth",1
"McKeever",1
"McKeever Meets Munroe",1
"Medal of Honor: Vanguard",1
"Medieval World",1
"Meeks/Hoover",1
"Meet Your Brain: Are You Thinking What I'm Thinking?",1
"Meeting: Part 1",1
"Mega Man",1
"Megaconda",1
"Meia Noite",1
"Mein Coming Out",1
"Meisterzinn",1
"Melinda",1
"Melodie",1
"Melusine",1
"Memory",1
"Men with Steel Faces",1
"Meng you xia wei yi",1
"Mengejar Ombak",1
"Menudo: La pelicula",1
"Mercury in Retrograde",1
"Merlin by Isaac Albéniz",1
"Merry Christmas Mr. Lawrence",1
"Merry Christmas!",1
"Meta-mouseio",1
"Metal Mania",1
"Metropolitan Fire Brigade Turn Out",1
"Metti Oli -Singapore Indoor Stadium",1
"Mexican Bill",1
"Mga uhaw na bulaklak",1
"MGM's March on in 1934-35 with Metro Goldwyn Mayer: Convention of the Century",1
"Mi princesa",1
"Mí querido viejo",1
"Miami or BUST - A Hoboken Bet",1
"Michael Symon vs. Marc Vetri: Veal",1
"Michi",1
"Middle Game",1
"Middle Toe of the Right Foot",1
"Midslumber's Night Dream",1
"Mientras trago saliva",1
"Mighty Behemoth: The Adventure Begins",1
"Mike Fright",1
"Miles Davis, l'oiseau sur la branche",1
"Milimetros",1
"Military Dad's Chance for His Family",1
"Min gode mann",1
"Mindwalk",1
"Mines",1
"Mining Accident",1
"Minnesluckan",1
"Mis Zelengrada",1
"Misconceptions",1
"Miseria e nobiltà",1
"Mismatch Part 2",1
"Mismatched Living and Dining Room",1
"Miss Goodnight",1
"Miss Match",1
"Miss Suomi -kilpailut",1
"Missing",1
"Missing Link",1
"Mission to Mademoiselle",1
"Mission to Mars",1
"Missit ja kovanaamaiset konnat",1
"Mister Fireball",1
"Mister Softee",1
"Mistral's Daughter",1
"Misty Beethoven: The Musical!",1
"Mit Pferden sein... Kraft, Energie und Hingabe... was Pferde uns lehren",1
"Mitriko filtro",1
"Mitt och ditt",1
"Mobile: Hour 3",1
"MOBO Awards",1
"Modern Two-Story Glass Living Room",1
"Modesitt House and Mast Families",1
"Mole de olla",1
"Molecom Makes Music",1
"Mom/Daughter",1
"Mönche, Mädchen und Panduren",1
"Monday Morning in a Coney Island Police Court",1
"Money",1
"Money Maker",1
"Monkey See, Monkey Don't/Fake Dad",1
"Monsieur Badin",1
"Monsieur de Pourceaugnac",1
"Moon Raker",1
"Mordkommission",1
"More Anxious Than Ever?",1
"More Than the Blues",1
"More Tricks Than Treats",1
"Morimoto vs. Nicotra: Kampachi",1
"Morning Break",1
"Morning Praise",1
"Mortos Sem Sepultura",1
"Mother Wore Stripes",1
"Mozikép",1
"Mr. Velcro",1
"Mrs. Delgado's Practice 2",1
"Mrs. Pepperpot Buys Macaroni",1
"Mud Sticks....",1
"Muff Potter's Trial",1
"Mugged",1
"Muhokselta Manilaan",1
"Muqaddama",1
"Muqtada al-Sadr's Battle Against the U.S.",1
"Murder's Challenge",1
"Murder, She Snored",1
"Murw",1
"Muscle Mouse/Mongrel of the Modern Art",1
"Muse",1
"Music with Muscles",1
"Musical, The/My Ex-Mom/The Show Must Go On/The Pest/My Aunt, the Worrier: Part 2",1
"Musik und Gäste live aus dem Sendezentrum Mainz",1
"My Bright Idea",1
"My Conventional Wisdom",1
"My Elf Girlfriend: Fast & Furious",1
"My Extra Mile",1
"My Gambling Boyfriend Drained Me Dry!",1
"My Master, the Rainmaker",1
"My Mother's Best Friend 1",1
"My Private Tokyo Special: Part 3, Marty Friedman",1
"Mysteries from Beyond the Triangle",1
"Na dorogakh voyny",1
"Na shi hua kai",1
"Nachttanke",1
"Nadine in Date Land",1
"Nafpigeia Skaramaga",1
"Nag, Nag, Nag!",1
"Nageke Tote",1
"Naikai no wa",1
"Naisho no jumon wa baiu zensen/Mimiyori no jumon wa hanabata matsure",1
"Naissance du cinéma",1
"Nakanaori",1
"Naked Bun 2½",1
"Nampodong chulshin",1
"Nancy Pelosi",1
"Nao amari aru mukashi nari keri",1
"Naples",1
"Natalie",1
"Nauka u sluzbi sume",1
"Nazi Temple of Doom",1
"Necessity of Change",1
"Needs and Deeds: A Doc Short",1
"Neprijemná zpráva: part 1",1
"Nesio",1
"Nesto temno i tesko",1
"Network",1
"Netzwerk New York - Die Versorgung einer Großstadt",1
"Never Again",1
"Never Put a Genie on a Budget",1
"Neveshtan bar shahr",1
"Névháború",1
"New Cars",1
"New Jersey Drive",1
"New Look New You",1
"New Orleans",1
"New Shoes",1
"New York's Oddest",1
"Newman and Baddiel on the Road to Wembley",1
"Newspaper Boy",1
"Nezvestná",1
"NHL Hockey",1
"Nice Guys Finish Last",1
"Night",1
"Night of the Nearly Dead",1
"Night of the Ropers",1
"Night School",1
"Nightmare Restaurant",1
"Ningen kôsaten",1
"Nippon no isha yo, hontô no iryô wo tori modose!",1
"Niskavuoren naiset",1
"No-Fry Crunchy Parmesan Chicken Tenders",1
"No Cave Like Home",1
"No Doubt Guest Program Rage",1
"No Fuel",1
"No Good Deed",2
"No Hate",1
"No le jale patrón",1
"No Other Medicine",1
"No Payne, No Gain",1
"No Pink Is an Island/Pinky and the Golden Fleece",1
"No Regrets, No Remorse",1
"No Robaras",1
"No Sleep Til Shanghai",1
"Noch svetla",1
"Noche de fuego",1
"Noctambule",1
"Noel Buys a Suit",1
"Non mi avete convinto",1
"Nope",1
"Norma",1
"Not on My Watch Ya Don't!",1
"Not Without Honour",1
"Not You Again!",1
"Notebook",1
"Notes from Seville",1
"Notes from the New World",1
"Nothing Real",1
"Nottingham",1
"Nova Scotia Revealed",1
"Novatorët e drurit",1
"Now You See It, Now You Don't",1
"Now You See Me",1
"Nuku nuku",1
"Number Crunch",1
"NWA Pro/RPW: I Quit Match",1
"NWA Pro/SoCal Pro: Collision Course IV",1
"O Fatalista",1
"O Mito do Afogamento",1
"O Primeiro Rebite no Dão",1
"Ó que Maravilha de Guerra!",1
"O Sedutor",1
"O Sub-Delegado",1
"Oasis",1
"Obama Girl",1
"Obvinení",1
"Oceans: In the Sea",1
"Oceans: Into the Blue",1
"Ochakai!",1
"Odcinek 11",1
"Odcinek 323",1
"Odcinek 328",1
"Odyssey in Western Oz",1
"Officer Needs Help",1
"Official Selection",1
"Oil Overload 5",1
"Oitsumerareta Kuwabara! Otoko no chikai",1
"Okâ-chan Part 6",1
"Okaerinasai",1
"Okuni for President",1
"Olympic Halfpipe Preview & BMX",1
"Ome Willem vangt de boeven",1
"On Quentin Tarantino",1
"On the Beach",1
"On the Road",1
"On the Streets",1
"Once a Champion",1
"One Chance to Live",1
"One Damn Degree",1
"One Foot in the Grave",1
"One Hundred Thousand Hearts",1
"One Man Army",1
"One Ocean: Footprints in the Sand",1
"One Ring for Murder",1
"Onfa ife",1
"Ongewenste Vreemdeling",1
"Only Once",1
"Only the A-Hole #6",1
"Onna no koyomi",1
"Onsokumaru, jigoku ni ochiru no maki/Ninja, natsu matsuri wo okonau no maki",1
"Ontario's Giant Ganders",1
"Opasan kriminalac",1
"Open and Shut",1
"Open Mic Night",1
"Operation for Earl",1
"Operation Intrigue",1
"Operation: L.I.C.E./Operation: L.I.Z.Z.I.E.",1
"Oral Supremacy",1
"Ore mo omae mo",1
"Oregon City Girls",1
"Oridathoru Mandravathi",1
"Orphans' Picnic",1
"Orusuban!",1
"Os Vivos Tambem Choram",1
"Ossi saa tarkkanäköisen Leila-ystävän",1
"Othello Gyulaházán",1
"Ouch",1
"Our Little Wife",1
"Out and In",1
"Out of Fashion",1
"Out of Peekskill: Part 2",1
"Out the Door",1
"Out There 2",1
"Outdoors & barbecue",1
"Outfoxed",1
"Outpost: Rise of the Spetsnaz",1
"Over-sexed and Underage",1
"Oxford to Richmond",1
"P.O.V.",1
"Packers Vs. Seahawks",1
"Pact",1
"Paint Story",1
"Panacea",1
"Pandora's Box",1
"Papa no Omoide",1
"Paper Pasting Pandemonium",1
"Paphos & Galatea",1
"Paradise Found",1
"Paradise Gardens",1
"Park Avenue: Money, Power & the American Dream",1
"Parker Quits Science",1
"Part 4",1
"Part 5",1
"Part III",1
"Party Boat",1
"Pas de deux",1
"Passages III",1
"Passion in Port Talbot",1
"Pat Coombs",1
"Patricio Contreras",1
"Paul Jake and Tom Capture Daniel",1
"Peaceful Reflections",1
"Peach's Australia",1
"Pecata minuta",1
"Pellegrini in Terra Santa",1
"Pepe",1
"Percepciones",1
"Perché no?",1
"Perfect",1
"Peril",1
"Perros de la noche",1
"Persiguiendo a un fantasma",1
"Peru Dam & Tunnel",1
"Peter Birch",1
"Peter Dinklage",1
"Petr Pervyy. Zaveshchanie",1
"Petrified Xander",1
"Pett and Pott: A Fairy Story of the Suburbs",1
"Philpott House Fire: The Truth",1
"Phineas and Ferb",1
"Phool Aur Angaar",1
"Photo Backpack/Felted Handbag/Mini-Memory Scrapbook/Photo Thank You Card",1
"Photo Taking",1
"Photos of God",1
"Pie Wars",1
"Pieces",1
"Pigeon Hunter",1
"Pillow Talk",1
"Pills Profits Protest",1
"Pilot",7
"Pilot: Part 1",1
"Pilot: Single Camera Version",1
"Pimple's Three",1
"Pinch That Penny",1
"Ping-O-Tronic",1
"Pink Eye",1
"Pinky Dinky Doo and the Polka Dot Pox",1
"Pinot: Escape from Wall Street",1
"Pirate Treasure",1
"Pishadoo",1
"Pitkä kuuma kesä",1
"Pitong pasiklab",1
"Plague",1
"Planet Action",1
"Planet unEarth",1
"Plastic Makes Perfect",1
"Play Strindberg",1
"Playback",1
"Playboy British Babe: Tara King",1
"Playboy X Mates, Volume 2: ATV & Skydiving",1
"Playing House",1
"Playing with Guns",1
"Plaza Sésamo: Canta, canta, canta más!",1
"Pluk Sjoernaal",1
"Podsex",1
"Point of View: My Journey",1
"Pointe Aux Chimeres",1
"Points of Origin",1
"Poisoned Minds",1
"Poker Girls",1
"Polarized",1
"Police mondaine",1
"PolitiChicks",1
"Polly of the Pots and Pans",1
"Polvere meravigliosa",1
"Pool ha-woo-seu",1
"Pool Shark",1
"Poor Relations",1
"Poorluck's Picnic",1
"Pope Pius XII",1
"Por cuatro días locos",1
"Porta Portese",1
"Portrait of Alison",1
"Pos na klepsete tous klironomous sas",1
"Poseidon: Upside Down",1
"Post Traumatic",1
"Potatoes and Dragons",1
"Poudre aux yeux",1
"Povratak broja 1",1
"Power Boys 6",1
"Power Corps.",1
"Power of Attorney",1
"Power Play",1
"Power Rangers Mystic Force, Part 1",1
"Powrót gospodarza",1
"Prank Wars",1
"Pravarakyudu",1
"Pre-Emptive Strike/Unlucky",1
"Preacher",1
"Predator",1
"Première année",1
"Prémios Bordalo 1993",1
"Preston North End v. Wolverhampton Wanderers",1
"Pretty Teens 3",1
"Prima le donne e i bambini",1
"PrimeMates",1
"Prince Charles' Other Mistress",1
"Prisma juvenil",1
"Prisoners of Paradise",1
"Private 8mm Film Live Diary 81-86",1
"Private Detective: Two Plus Two Plus One",1
"Private Film 6: Lady in Spain",1
"Private Lives",1
"Private Movies 27: Andromeda 121",1
"Profession menteur",1
"Projects for Fun & Relaxation",1
"Prokletstvo Krumpira",1
"Promenade dans un jardin",1
"Prominentenspecial #7",1
"Promise Me Wrong",1
"Promises",1
"Property Brothers",1
"Prophets of Science Fiction",1
"Prostrate",1
"Protest",1
"Proud Clarissa",1
"Proud Voices",1
"První semifinále: Vyrazování",1
"Pryamokhozhdenie",1
"PS sista sommaren",1
"PSA 1",1
"Psihopati",1
"Psychiatrist Breakup",1
"Psychophony",1
"Psychosis",1
"Public Morals",1
"Puerto principal",1
"Puppets of Fate",1
"Puppy Problems",1
"Pyatdesyat na pyatdesyat",1
"Pyromania",1
"QC Redemption",1
"Qeratmiani qalishvili",1
"Qi nu han",1
"Qing wang",1
"Quand les fleuves changent de chemin",1
"Quarantine",1
"Queen of the Beasts",1
"Queen Versus Mantle",1
"Questing",1
"Quick Fix, Botox Ahhh!",1
"Quiet Riot All-Stars vs Air Supply",1
"Quinceanera",1
"Quinoscopio 5",1
"Quit Horsing Around",1
"Quiz Night",1
"Rabynya",1
"Race the Melt",1
"Raceway Motorcross",1
"Rachael vs. Guy: Celebrity Cook-Off",1
"Rachels Hochzeit",1
"Radio Silence",1
"Radivoje-Lola Djukic",1
"Radna organizacija ' Buducnost '",1
"Raibu têpu",1
"Rail Report 8: The New Tradition",1
"Railroaded",1
"Raimei",1
"Raising the Bar: America's Best Bar Chefs",1
"Rajathi Raja",1
"Ralph",1
"Rambo: First Blood Part II",1
"Ranc u zelené sedmy",1
"Randy Jackson",1
"Ranjeni orao",1
"Rap",1
"Rare Bits",1
"Rat-Man vs. Black Ops Part 3",1
"Rats - Notte di terrore",1
"Ravana's Game",1
"Raymond",1
"Razyskivayetsya opasnyu prestupnik",1
"Ready Player One",1
"Real Bad Guys",1
"Rearview",1
"Rebel Frontier",1
"Recapturing Cuba: An Artist's Journey",1
"Recipe for a Perfect Christmas",1
"Recoil, Repeat",1
"Reconciliación",1
"Recruitment Ad",1
"Recursos inhumanos",1
"Red Clash",1
"Red Courage",1
"Red Grant",1
"Red Hot Finish",1
"Red Hot in the Making",1
"Red Meat and Cancer",1
"Red Scorpion 2",1
"Reefs and Wrecks",1
"Reflections",2
"Reform School Girl",1
"Reform School Girls 3",1
"Reformat",1
"Regalo de navidad",1
"Regen",1
"Regis' Big Return to Daytime!",1
"Regret",1
"Reife Grotten im Härtetest",1
"Rejected/Neglected",1
"Rejsekammerater på Cuba",1
"Relapse",1
"Religion",1
"Ren'ai jinmeibo",1
"Renacimiento",1
"Rendezvous with Music",1
"Rent Control",1
"Réparations et transformation",1
"Reporter - Im falschen Land geboren",1
"Republic of Djibouti",1
"Reservations Required",1
"Resolutions of the Complacent Man",1
"Respect Me, Don't Media Me!",1
"Restless Bell",1
"Restless Wanderer",1
"Retour de flamme",1
"Retrospective: Part 2",1
"Return of the Crazy Jackal Shillelagh Lady",1
"Return to Og",1
"Reunion",1
"Reunited in London, England",1
"Reveal What's Real",1
"Revenge",1
"Revenge Is Mine",1
"Reverse",1
"Reviving a Watershed",1
"Reza Aslan",1
"Rhapsody in Black",1
"Rhinocerous",1
"Rhode Island",1
"Ribs",1
"Rice Grows Wild",1
"Rich for a Day",1
"Richard Neville",1
"Ricominciamo",1
"Riddle of the Bush",1
"Ridin Down",1
"Rigadin guérit la neurasthénie",1
"Righteous Guards",1
"Rin Rin Kangeki! Panda-kun Chi!/Pengin-san no Kokuhaku",1
"Riña en una canoa",1
"Ringfinger",1
"Rio Grande",1
"RiP: A Remix Manifesto",1
"Ripped from the Headlines: Survivor Stories",1
"Rise of the Triad: Dark War",1
"Rise Up and Call Their Name",1
"Rising Sun",1
"River Cottage Spring",1
"River Yar",1
"Riviera Holiday",1
"Road to Kingsville",1
"Road to Singapore",1
"Robbie Williams: Nobody Someday",1
"Robert Luchini, dit Fabrice",1
"Robert Phillips vs. the Man",1
"Robinet maestro d'equitazione",1
"Robocops",1
"Robot",1
"Robotech II: The Sentinels",1
"Rocco: Puppet Master 6",1
"Rock Concert",1
"Rockets' Red Glare",1
"Rodney Moonlights",1
"Rodnoye litso",1
"Rodolf Sirera",1
"Rodolfi manca alla recita",1
"Roest",1
"Roger Bourderon: Rol Tanguy",1
"Roger, the Chicken",1
"ROH: Final Battle 2003",1
"Roko i Cicibela",1
"Rokuban aian",1
"Roller Disco: Part 2",1
"Rolling Longaniza",1
"Rommel",1
"Rommels Krieg",1
"Room to Let",1
"Roomieloverfriends",1
"Roosa on uskollinen ystävä",1
"Roots of Violence",1
"Rosa und Taxi",1
"Roses of Picardy",1
"Rosette",1
"Rostam",1
"Rotos",1
"Royal Bognor Regis",1
"Royal Inquest",1
"Royal Rumble: No Chance in Hell",1
"Rubbery Figures",1
"Rubi Realizes That Alejandro is Not as Wealthy as Hector",1
"Rubio como la cerveza",1
"Ruby's Good Neighbor Report/Candy Counting/Ruby's New Shoes",1
"Rush & Release",1
"Ruta Destroy",1
"RV Monkeys",1
"Ryan",1
"Ryûko no ken 2",1
"Ryûkôshoku wa murasaki de dokkoi",1
"Saba",1
"Sabotaging the System/Agassi",1
"Sabse Bada Rupaiya",1
"Saetta, principe per un giorno",1
"Safe",1
"Saikyou no teki",1
"Sailing",1
"Saint Francis",1
"Salif Keita",1
"Salón México",1
"Salsa für Nina",1
"Salto Vitale",1
"Salty Veggies & Heated Battles",1
"Sálvate tú",1
"Samaj Ko Badal Dalo",1
"Sambuca Kid",1
"Same Time, Next Year",1
"San Francisco",1
"San Francisco General Hospital",1
"San Francisco Lesbians 5",1
"Sanada sandaiki daiippen yukimura no maki",1
"Sangre/Los Sueños",1
"Sanjh Aur Savera",1
"Sans lendemain",1
"Santiago Rusiñol: la vida",1
"Santo contra hombres infernales",1
"Santo Enredo",1
"Saraba Uchû no Tomo yo",1
"Sarahs Mutter",1
"Saran",1
"Saranghandamen idoulchulum",1
"Sargento Getúlio",1
"Sarra & Erich",1
"Saturday Night's the Loneliest Night of the Week",1
"Sauna tut gut",1
"Saunaliittolaiset Kekkonen ja Hrushtshov",1
"Sausage & Pepper Hero",1
"Save Me from My Half-Life Drive",1
"Saved by the Bell",1
"Saving Levi",1
"Savoring Harlem",1
"Savremeni neimari (II)",1
"Scary Legends",1
"Scene Stealer",1
"Scènes du radeau de la méduse",1
"Schaffende Hände: Wassily Kandinsky in der Galerie Neumann-Nierendorf",1
"Scharfe Bräute, ganze Kerle",1
"Scherzi a parte",1
"Schloß Vogeloed",1
"Schmitz komm raus!",1
"Schmutzige Hände",1
"Schöner Wohnen",1
"School Daze",1
"Schoolgirl's Reunion",1
"Schwanzgeile Jungfrauen",1
"Schwarze Nelke",1
"Scientology: The Fundamentals of Thought",1
"Scoliosis Exercises for Prevention and Correction",1
"Scoop",1
"Scoop's in Charge",1
"Scrabylon",1
"Scream Farm",1
"Screen Snapshots Series 9, No. 12",1
"Screen Snapshots, Series 4, No. 25",1
"Scroggins Takes the Census",1
"Scuppered",1
"Scusi, lei conosce il sesso?",1
"Se frem til en tryg tid",1
"Se l'amore chiama",1
"Se la saco... Gaspar",1
"Se Sípem v zádech",1
"Seagull Tamer Attacked by Deadly Killer Gull",1
"Sean Connery Golf Project",1
"Search and Rescue",1
"Season",1
"Season of the Witch: The Secret Life of Jack's Wife",1
"Sebastian joutuu takaisin lähtöruutuun",1
"Second Act",1
"Second Chance",1
"Secret Garden",1
"Secret Life of Grocery Stores",1
"Secret Santa Sweepstakes 6",1
"Secreto a la luz",1
"Security of State: Campus Cops",1
"Sed de amor",1
"Sediments",1
"See Jack Run",1
"Seikou no hito",1
"Sein",1
"Seinen no isu",1
"Semifinal: The 100 Man Defense",1
"Send Me a Dream",1
"Sensational Teens 2",1
"Senseless",1
"Sepon runoratsu laukkaa, Ullan ravaa maaliin asti",1
"Septej",1
"Septic Man",1
"Sergeant Bill Bodaford",1
"Seriously Twisted",1
"Servant Problem",1
"Serviço Público",1
"Serving Outfits to Recruits",1
"Seth's Big Bet",1
"Sette giorni di gloria",1
"Seven-Seventeen",1
"Seventh Dog",1
"Sex and Sisters",1
"Sex Magician",1
"Sex, Money, Murder",1
"Sexual Signals",1
"Seytan göz qabaginda",1
"Shabri",1
"Shades of Love: Echoes in Crimson",1
"Shadowdance: Wake the Darkness",1
"Shadowed",1
"Shadows",1
"Shadrach",1
"Shahidat el hub el ilahi",1
"Shake the Rain",1
"Shakespeare ABC's It's Easy as 123",1
"Shane Is Hired by Joe",1
"Shanghai Rush",1
"Shanghai Street Scene No. 2",1
"Shape Shifters",1
"Shapes: General",1
"Share the Load 4",1
"She'll Have to Go",1
"She Done Him Right",1
"She Said Blow Me 5",1
"She Who Must Be Obeyed (At a Pinch)",1
"Sheep May Safely Graze",1
"Shen jian mo jian",1
"Sherlock Holmes nevében",1
"Shiawase ni naro ne",1
"Shift",1
"Shifting Tides",1
"Shiloh Elementary School Reunion",1
"Shin Ro Go Dô",1
"Shinenai onna",1
"Shinjin taisha",1
"Shino's Show",1
"Ships in the Night",1
"Shiro-shôzoku: harakiri",1
"ShopHIV",1
"Short Track",1
"Shot Gun",1
"Shou ji li di yan lei",1
"Should I Spy on My Kids?",1
"Should We Go Home",1
"Show 16",1
"Show Down: Part 2",1
"Show nº181",1
"Show Seventy Two",1
"Shriek on Ice/No Thanks for the Memories",1
"Shrink Rap",1
"Shudan-sasen",1
"Shûgaku ryokô âru",1
"Shukugon",1
"Shunsoku 4",1
"Shuttle",1
"Shvidi patara motkhroba pirvel sikvarulze",1
"Si, mi jefecito",1
"Sick Popples/When Cheerleaders Attack",1
"Sideline Sluts: Cheerleader Confessions",1
"Sights on Safety",1
"Signals: Getting Them Around",1
"Signing On",1
"Silent Sleep",1
"Silvester Home Run",1
"Sim ou Não",1
"Simon",1
"Simone Weil, L'Irrégulière",1
"Simple Sins",1
"Sinfonía de la copla",1
"Sing & Win",1
"Singing in the Pain",1
"Single Alien Seeks Horny Earth Girl",1
"Sins of the Fathers: Part 2",1
"Sir Henry Morgan - Pirat im Auftrag seiner Majestät",1
"Sir John Soane",1
"Siralardaki heyecanlar",1
"Siren! Utsukushiki shi no shirabe",1
"Sirota s cudeznim glasom",1
"Sit Tight 2",1
"Siu nin cheong dong",1
"Six",1
"Skeletons",1
"Skeppar Jansson",1
"Ski Bitch",1
"Skin Deep",1
"Skydiving/Facial Symmetry/Lemons/Baby Orangutans",1
"Slávik 2011",1
"Sled rosomakhi",1
"Sleeping and Waking",1
"Slim to the Rescue",1
"Sliptilicus",1
"Slow Burn",1
"Slut Angels",1
"Small Town Killing",1
"Smallfilm",1
"Smatch",1
"Smile, Dear (You're on Camera)",1
"Smooth as a Ken Doll",1
"Snack and Drink",1
"Snälla Ljug",1
"Snooky's Fresh Heir",1
"Snooky's Home Run",1
"Snork Dance/Snork Marks the Spot",1
"Snow Use",1
"Snow White",1
"Snowbird",1
"Snowflake Day: A Very Special Holiday Episode",1
"So angelt man keinen Mann",1
"So Far Gone",1
"Sô kamo shirenai",1
"So This Is How It's Gonna Be",1
"So You Want to Be a Muscle Man",1
"Sobresaliente",1
"Soccer Practice",1
"Soirée Cap 48",1
"Sokové",1
"Sol de verano",1
"Solla Marantha Kathai",1
"Solti's Bartók in Budapest",1
"Some Talk of Alexander",1
"Some Very Gallant Gentlemen",1
"Somebody to Remember",1
"Somegoro Ichikawa, Takako Matsu & Kôshirô Matsumoto",1
"Something in the Air",1
"Somewhere in Chapter 7",1
"Somos las bolas",1
"Son Aga",1
"Sonar",1
"Soñarás",1
"Sonata 1957",1
"Songs of Clichy",1
"Sonia",1
"Sonic Fragments - The Poetics of Digital Fragmentation",1
"Sonny with a Song",1
"Sooty Heights",1
"Sophie s'enflamme",1
"Soroka-vorovka",1
"Sorte, Azar, ou Matemática?",1
"SOS nad taygoy",1
"Sota ja raha",1
"Souffle",1
"Soufflé au Chocolat",1
"Soul Star",1
"Soulages",1
"Soultanat al-sahra",1
"Sound seekers",1
"Sounds from the One I Love",1
"Sous la livrée",1
"South East Cleaning Services",1
"Southern A Capella",1
"Souzetsu! Jigoku no W sakusen",1
"Soy chicano y mexicano",1
"Sozinha",1
"Space Love",1
"Space Mercenary Corps Recruiting Infomercial: Join the Mercs Today!",1
"Space Slaves",1
"Spare the Rod, Spoil the Child",1
"Spares",1
"Sparkling Spring",1
"Special Edition: The Best of ITL",1
"Spéciale Portugal",1
"Spectres of the Spectrum",1
"Speeding Ticket/Hornica",1
"Spielbank-Affäre",1
"Spirit of Stolen Sisters",1
"Splashy Spa Vs. Cabo Palapa",1
"Split Second",1
"Split Seconds",1
"Spooky Wooky",1
"Spring Break Show",1
"Springtime for Father",1
"Spunk'd 4",1
"Squad 77",1
"Squadron 13",1
"Squirtin Sistas 5",1
"Sree Radha",1
"St. Patrick's Day: Part 1",1
"St. Petri Schnee",1
"Stag's Leap",1
"Stage 3: Part 1",1
"Stage Struck",1
"Stalking Death",1
"Standard Deviation",1
"Star Fox 64 3D",1
"Star Nation",1
"Star Ocean",1
"Star Odyssey & Random Battle 2",1
"Star Trek: The Experience - Borg Invasion 4D",1
"Star Wars Pathways: Chapter II - Path of Deceit",1
"Star Wars: Episode I - Battle for Naboo",1
"Star Witness",1
"Stargate: The Ark of Truth",1
"Stargazer",1
"Starsky & Hutch",1
"Starz on the Set: Sin City",1
"State of Grace",1
"Static",1
"Static Blood",1
"Statsministerens nytårstale",1
"Steam Dredgers Operating Near Assuitt",1
"Steam Train",1
"Steel and Stone",1
"Steel Research",1
"Steely Dan's Two Against Nature",1
"Stella di Mare - Hilfe, wir erben ein Schiff!",1
"Stem Cells",1
"Stephanie, Nathalie, Caroline & Vincent",1
"Stephen King on a Shoestring",1
"Stephen Laws' 'The Secret'",1
"Stephen Merchant",1
"Stephenville Sightings",1
"Sterne über Colombo",1
"Sticky Fingers",1
"Stir TV",1
"Sto metrów milosci",1
"Stolat në park",1
"Stolperstein - Leben mit Behinderung",1
"Stonerunner",1
"Stones £20",1
"Stopp! Tänk på något annat",1
"Stopping Bullets",1
"Story of Movie",1
"Story of the Guitar",1
"Strafanzeige gegen Unbeteiligt",1
"Straight at Ya",1
"Straight Line",1
"Strand",1
"Strange Angel",1
"Strange Fruit",1
"Strange Patterns",1
"Strangers",2
"Strawberry Tarts",1
"Streetheat",1
"Strídavá péce",1
"String of Pearls",1
"Strip Tease Then Fuck 12",1
"Stroke Man and the Soul Brotha",1
"Stroskotáme zajtra",1
"Struggle for a Mind",1
"Stuck on You",1
"Studio Bust Out",1
"Study for a Lament of Film and a Celebration of Digital Cinema",1
"Substitute",1
"Subterranean Universe: Making 'Inseminoid'",1
"Such a Quiet Girl, Too!",1
"Suche Moti",1
"Süden",1
"Sue and Terry",1
"Sugo",1
"Suicide Girls",1
"Sun Su-Chinh",1
"Sunday Morning",1
"Sunlight and Shadow: The Visual Style of 'L.A. Confidential'",1
"Suomenlahden sisaret",1
"Supaidâman",1
"Super Block High",1
"Super Bonus Deluxe",1
"Super Crazy Hobo",1
"Super Sanctuaries",1
"Superglue",1
"Superman vs. The Elite",1
"Sure Shot Dombrowski 3 Moving on Up: The GM's Office",1
"Surf's Up for Dogs: The Making of the World's Longest and Heaviest Float",1
"Surfs Up",1
"Survival",1
"Sushi",1
"Suspension",1
"Süsse Früchtchen",1
"Suture Self",1
"Suugaku to banpaia",1
"Svojim snagama",1
"Swap Fever",1
"Swargaseema",1
"Sweaty Palms and Weak Knees",1
"Sweet Chariots",1
"Sweet Dee Gets Audited",1
"Sweet Lavender",1
"Sweet Punishment",1
"Sweet Youth, Sweet Madness",1
"Swindles & Slim",1
"Swinging Tien",1
"Synonym",1
"Syon Park, London",1
"Szamárköhögés",1
"Szanowny Pan Gestapo",1
"Ta storona, gde veter",1
"Tadas Blinda. Pradzia",1
"Taekwonzombie",1
"Tag 3",1
"Tagelöhner",1
"Taghi dzaynere",1
"Tail Between My Legs",1
"Taio Cruz/Stephen Dorff/Lindsey Buckingham",1
"Take My Mother-in-law...",1
"Takeda in Danger! The Rules of Revenge!",1
"Taken Away",1
"Tales from the River Bank",1
"Tales of the Scarecrow Man",1
"Talfahrt",1
"Tall Man Riding",1
"Tamanchey",1
"Tameiki",1
"Tan Lines: The Making of Suntanned Bikini",1
"Tango nero",1
"Tank",1
"Tanne",1
"Tanya Tucker, Eric Church and Glen Campbell",1
"Tao hua lian",1
"Tap Out",1
"Tarzan and the Savage Storm",1
"Taste of Europe 3",1
"Tayvela",1
"Te amo Violeta",1
"Teach",1
"Tear Me a New One",1
"Tears of a Clown: The Maredrew Tragedy",1
"Teatrante, musicante e saltimbanco",1
"Teen Cum Swallowing Tryouts",1
"Teenage Jizz Junkies 2",1
"Teenage Whores",1
"Teenagers on Trial",1
"Teens Like It Big 9",1
"Teeny Splash 2",1
"Telethon",1
"Television World Theatre: The Government Inspector",1
"Telimbela",1
"Tell It to a Policeman",1
"Telmo y Martina",1
"Temalørdag: Anders & Julius",1
"Tempi nostri",1
"Temple of Fear",1
"Temple of the Sun",1
"Templo mayor",1
"Temporada",1
"Temptation of St. Anthony",1
"Temptation of the Gypsies: The Baron's Lover",1
"Ten Hundred Kings",1
"Ten Modern Commandments",1
"Ten Nights Without a Barroom",1
"Tender Hearted Fools Like You",1
"Tenebras",1
"Tenshi no kôkotsu",1
"Ter eere van den Belgischen soldaat",1
"Tera Patrick",1
"Tercer Mundo",1
"Teret",1
"Terminator 2",1
"Terras e Gentes da Índia Portuguesa",1
"Terrifically Taut",1
"Terror of the Faceless Man",1
"Terror Vortex",1
"Terry the Terror",1
"Tess Has a Stain on Her Dress",1
"Testament",1
"Tetakawi",1
"Tête de rivière",1
"Teukbyeol susabombu kisaeng Kim So-san",1
"Texting Teen Driving/Late Limo Booze Party",1
"TGV",1
"Tha to pareis to koritsi?",1
"Thalia",1
"Thank God for You, Charlie",1
"That's the Way It Was: Remembering Walter Cronkite",1
"That Dead Boy!!!",1
"That Wild Irish Pose",1
"Thatcher's Somersault",1
"The 100 to One Shot; or, A Run of Luck",1
"The 10th Annual Canadian Comedy Awards",1
"The 16th Annual Humanitarian Awards Dinner of National Conference of Christians and Jews",1
"The 17 Year Feast",1
"The 2003 US Open Tennis Championships",1
"The 43rd Annual Primetime Emmy Awards",1
"The 50 Worst Movies Ever Made",1
"The 50 Year Old Curse of the Dark Priestess",1
"The Abbot of St. Mary's",1
"The Adventure",1
"The Adventures of Paul and Marian",1
"The Adventurous Voyage of 'The Arctic'",1
"The Advocate",1
"The Advocate for Fagdom",1
"The Agony of Austria",1
"The Albertos",1
"The All New Freaks of Nature",1
"The Altamira's Loyalty Will Be Tested After Mariano's Arrest",1
"The Alternative",1
"The Amazing Mr. Williams",1
"The American Flag",1
"The Andy Dick Roast",1
"The Angry Young Pig",1
"The Animal Hotel: Part 6",1
"The AnyTime Boys",1
"The Art of Being One",1
"The Art of Piano",1
"The Arts: Royal Academy/Chandos Interview",1
"The Atkins Angels",1
"The Avenging Hand",1
"The Ax",1
"The B-Squad",1
"The Baby on the Door Step",1
"The Band of Peace",1
"The Banker: Part 2",1
"The Baron of Broken Bow",1
"The Bat and the Virgin",1
"The Battle of Argonne",1
"The Beast Must Die",1
"The Beginning",1
"The Best Latin Music #32",1
"The Best of BJ Thomas Live",1
"The Best of Playgirl Video",1
"The Best of Sergie Ventura",1
"The Big Mess/Telescooped",1
"The Big O",1
"The Big Wash",1
"The Bike Thief",1
"The Birds, the Bees, and Dumb Donald",1
"The Black Hand",1
"The Black Sheep",1
"The Blue Dress",1
"The Body by the Bray",1
"The Body Corporate",1
"The Bong Show",1
"The Bookstore",1
"The Border Detective",1
"The Border Line",1
"The Boss",1
"The Bounty Killer",1
"The Boxing Match",1
"The Boys",1
"The Brass Daisy",1
"The Brass Menagerie",1
"The Break-Up",1
"The Breath of Fools",1
"The Briefcase",1
"The Broken Sixpence",1
"The Broker",1
"The Bubbleologist",1
"The Bus",1
"The Cage",1
"The Call",1
"The Cape",1
"The Cardboard Box",1
"The Caretaker",1
"The Carpenter(s)",1
"The Case of the Curious Well Diggers",1
"The Case of the Duplicate Case",1
"The Case of the Poison Pen-Pal",1
"The Case of the Silent Partner",1
"The Cell, Part 1: Confinement",1
"The Challenge",1
"The Chase of Fire Raid",1
"The Check Up",1
"The Chigwell Chicken",1
"The Chosen One",1
"The Christmas Card",1
"The Christmas Shoes",1
"The Citizen",2
"The City LA",1
"The City of Fear",1
"The Clean Room",1
"The Clearing",1
"The Clip Show",1
"The Clouded Crystal",1
"The Cold Hard Truth",1
"The Cold Light",1
"The Commander",1
"The Congregation",1
"The Continuation",1
"The Counterfeit Mask",1
"The Crack Shot",1
"The Cracking Portrait",1
"The Creasemaster's Wife",1
"The Crooked Man",1
"The Cub",1
"The Curse of Barovsky",1
"The Curse of Takeda",1
"The Cursed Flame! The Past of Kurei",1
"The Cutback",1
"The Dandy Lion",1
"The Dangerous Lives of Blondes",1
"The Dark",1
"The Darkness",1
"The Darkside",1
"The Day of the Trumpet",1
"The Day the Mesozoic Died",1
"The Deadline",1
"The Deadly Focus",1
"The Dean Martin Celebrity Roast: Lucille Ball",1
"The Death Ball",1
"The Debate Society",1
"The Deep End of the Pool",1
"The Defection of Simas Kudirka",1
"The Devil and Li'l D",1
"The Devil in the Fog",1
"The Dice Player's Last Throw",1
"The Diet",1
"The Dirty Three",1
"The Dodgers Sym-Phony",1
"The Dog and the Sausage",1
"The Donna Gamble Story",1
"The Doom Report",1
"The Double",1
"The Drama School",1
"The Dream of Creation",1
"The Drummer's Narrow Escape",1
"The Duel",1
"The Duke of Connaught Embarking on the Alberta at Cowes",1
"The Earl Thompson Movement",1
"The Eccentric Entertainer",1
"The Edna Teagle Story",1
"The Eejits",1
"The Ember Island Players",1
"The Emotional and Vulnerable",1
"The Emperor Jones",1
"The Emperor of Peru",1
"The Empire",1
"The End of the Work Ethic",1
"The Endgame Syndrome: Part 1",1
"The Enforcer",1
"The Engraver",1
"The Erotic Films of Peter De Rome",1
"The Exhibitionist: Part 2",1
"The Exterminator",1
"The Fabulous Fifties",1
"The Faculty",1
"The Faith of a Child",1
"The Fall",1
"The Fallen Idol",1
"The Fast & Furious Former Ms. Utah",1
"The Feast of Saint Patrick",1
"The Fifth Beatle",1
"The Fifth Floor",1
"The Films of Clint Eastwood",1
"The Final Preliminary Report of Doom",1
"The First Freedom",1
"The First Gentleman",1
"The First Temptation of Chris",1
"The First, Last Race",1
"The Fish Test",1
"The Five Colts",1
"The Flameworker",1
"The Forbidden Woman",1
"The Forgotten Warrior",1
"The Fox",1
"The Freak Next Door",1
"The Fur Trader",1
"The Gangster's Granny",1
"The Gar Story",1
"The Gate",1
"The Generator",1
"The Gentleman",1
"The Giant",1
"The Gift",1
"The Gilyeat Family",1
"The Girl Who Got Above Her Station",1
"The Girls Are Bustin' Loose",1
"The Gist: The Restroom Break",1
"The Golden Tablet",1
"The Good Luck Charm",1
"The Good, the Bad and the Warty",1
"The Gorges of Albuquerque",1
"The Gospel According to Booze, Bullets & Hot Pink Jesus, Act I: The Missionary Man",1
"The Grace Lee Project",1
"The Grandest Prize",1
"The Great African Scandal",1
"The Great Wall of China",1
"The Greeks",1
"The Green Caravan",1
"The Green Slime",1
"The Guests",1
"The Guga Hunters of Ness",1
"The Guiding Light",1
"The Guilty Men",1
"The Gum Lady",1
"The Gun Runners",1
"The Guy Can't Help It",1
"The Guys Compete and Outdo Each Other in a Pageant!",1
"The Hail Mary",1
"The Happy Headline",1
"The Hat",1
"The Haunting Of... Gina Gershon",1
"The Heart of a Doll",1
"The Heat Chamber",1
"The Heist",1
"The Hidan of Maukbeiangjow",1
"The Hipster Paradox",1
"The Historian",1
"The Holdup Man",1
"The Horse Runs High",1
"The Horse Thieves",1
"The Hostellers",1
"The Hour",1
"The House",1
"The House That Screamed",1
"The HPO - Heavenly Post Office",1
"The Human Mannequin",1
"The Human Pendulum",1
"The Hunt for Eagle One: Crash Point",1
"The Hunter",1
"The Hypnotist",1
"The Icing on the Cake",1
"The Idol's Eye",1
"The Improvised Episode",1
"The Incredible Flame",1
"The Incredibly Frightening Sheet",1
"The Inferno III: Ladder Race",1
"The Informers",1
"The Interns",1
"The Interrogator",1
"The Invasion of the Poupix",1
"The Invisible Government",1
"The Jesus Factor",1
"The Journey",1
"The Julie Show",1
"The Kendalls",1
"The Kentucky Derby",1
"The Kid & I",1
"The Killers",1
"The King Crumbles",1
"The King of Siam",1
"The Known and the Unknown",1
"The Kwan Identity",1
"The Ladies Room",1
"The Ladykillers",1
"The Laffin' Fool",1
"The Lamb and Flag",1
"The Language of Kickball",1
"The Language of the Body",1
"The Last Angry Man",1
"The Last Heir",1
"The Last Leprechaun",1
"The Last Line",1
"The Last Mimzy",1
"The Last Phone Booth",1
"The Last Sign",1
"The Last Summer",1
"The Laughing God",1
"The Law Lord",1
"The Leading Man",1
"The Leap Between the States - September 20, 1862",1
"The Legend of Farmer Jenkins",1
"The Legend of Super Sammy",1
"The Legends",1
"The Life of Brian",1
"The Little Father; or, The Dressmaker's Loyal Son",1
"The Little Señorita",1
"The Little Woolen Shoe",1
"The Littlest Sweathog",1
"The Living Ghost",1
"The Lizard King",1
"The Lost Atlantis",1
"The Lost Crown",1
"The Lounge",1
"The Love Competition",1
"The Love Crimes of Gillian Guess",1
"The Love Guru",1
"The Love Scene",1
"The Making of 'Garden State'",1
"The Making of 'Punisher: War Zone'",1
"The Making of 'Runaway'",1
"The Making of Assassin's Creed 3: Origins",1
"The Mall Slut",1
"The Man in Motley",1
"The Man in the Sidecar",1
"The Man on the Inside",1
"The Man Who Knew Belle Starr",1
"The Man with No Eyes",1
"The Mantra Cycle",1
"The Masked Rider",1
"The Master of the Bengals",1
"The Matchmakers",1
"The Mating Game",1
"The Mayor of Harlem: Alberto 'Alpo' Martinez",1
"The Men Who Sailed the Liberty Ships",1
"The Merchant Royal",1
"The Mexican Riviera",1
"The Mid-Air Disaster",1
"The Mikado",1
"The Millionaire's Ward",1
"The Mimi & Flo Show",1
"The Misadventures of Moon Kitty",1
"The Missing Years",1
"The Moon and Sixpence",1
"The Morals of Marcus",1
"The Mother",1
"The Mother of All Monsters",1
"The Mourning",1
"The Movieguide Awards",1
"The National Christmas Tree Lighting",1
"The New Age Deception",1
"The New Deal",1
"The New Jersey Diner Tour",1
"The New School Year Begins",1
"The New Yogi Bear Show",1
"The Next Karate Kid",1
"The Night of Terror 2012",1
"The Night of the Howling Light",1
"The Nipper",1
"The Nuclear Family",1
"The Nutcracker Sweet",1
"The Oath of a Viking",1
"The Octoroon",1
"The Old Bum",1
"The Omega Man",1
"The Only Thing You Know",1
"The Origin of the Silver Surfer: Part 3",1
"The Other Side",1
"The Outsiders",1
"The Palestinian",1
"The Partisan",1
"The Partridge Family",1
"The Party Killer",1
"The Peeky-Boo Caper: Pawnshop Blues",1
"The People in Your Neighborhood",1
"The Perfect Blue Rollie",1
"The Perfect Couple",1
"The Perfect Man",1
"The Perfect Woman",1
"The Peter Stevens Case",1
"The Pirates of Regent Canal",1
"The Pittsburg Six",1
"The Point of No Return",1
"The Predators",1
"The Price of Freedom",1
"The Pride of the Regiment",1
"The Psychic",1
"The Question and Answer Man",1
"The Ragged Trousered Philanthropists",1
"The Rangers' Leap of Faith",1
"The Raspberry Romance",1
"The Rebirth: Part 3",1
"The Red-Eyed Raven Caper: Nose Trouble",1
"The Redsin Tower",1
"The Resurrection Machine",1
"The Return of Beyonce 2",1
"The Return of Peggy Atherton",1
"The Reunion",1
"The Rhythm of Life",1
"The Riddle of the Sands",1
"The Rites of Uranus",1
"The Road Ahead",1
"The Road to Tara",1
"The Rock Apprentice",1
"The Rocket Pilot",1
"The Ron White Animated Show",1
"The Rowing Competition",1
"The Saddle Club",1
"The Save",1
"The Search for Andrea Gail",1
"The Secret",1
"The Secret Life of Buddy and Sally",1
"The Set Up",1
"The Sheriff of Pine Mountain",1
"The Sherlock Boob",1
"The Sims Unleashed",1
"The Single Man",1
"The Skeleton",1
"The Snow Deer",1
"The Soap Opera Update Awards",1
"The Soldier Who Fell from Grace",1
"The Soul of Bronze",1
"The Spaceship",1
"The Stallion",2
"The Stand: The Making of...",1
"The Stolen Play",1
"The Story of Beowulf: Part 2 - Beowulf Challenges the Danes",1
"The Story of Clay",1
"The Story of Jacob",1
"The Strange Men of Leefri",1
"The Stroker",1
"The Sucky Outdoors",1
"The Supreme Court",1
"The Surrogate",1
"The Sweet Smell of Failure",1
"The Swindle Story",1
"The Tees That Bind",1
"The Temp Life",1
"The Tender Trap",1
"The Terrible Cabinet",1
"The Test",1
"The The Versus the World",1
"The Thirteenth Hat",1
"The Thomas Beale Cipher",1
"The Three Ravens",1
"The Thrill Hunter",1
"The Thursday Club",1
"The Time Keepers",1
"The Tomb of El Wadi Whant",1
"The Touch of Your Hand",1
"The Treacherous Technicians",1
"The Trial of Colonel Blood",1
"The Trial of the Canary Kid",1
"The True Glory",1
"The Truth About Adoption",1
"The Truth About Kurt",1
"The Truth of the Matter",1
"The Twelfth Hour",1
"The Ultimate BBQ Showdown",1
"The Ultimate Secret Involving Mara and Clara Twist Their Faith",1
"The Undercover Nun Mystery",1
"The Undercurrent",1
"The United States and the Two Chinas",1
"The Unsalted Sea Serpent",1
"The Uphill Descent",1
"The Valentine's Day Episode",1
"The Valley of Decision",1
"The Vasectomist",1
"The Vernonia Incident",1
"The Vietcong",1
"The Vortec Power Hour",1
"The Vortex: Quantum Gate II",1
"The War Torn Ishmaelia",1
"The Wards Get Real",1
"The Way It Was",1
"The Weather Maker",1
"The Wedding Party",1
"The Wednesday Wand",1
"The Welsh Connection",1
"The Werewolf of Washington",1
"The Wide World of Elmyra",1
"The Wild Ladies of Resident Evil",1
"The Winning Loser",1
"The Woman in the Car",1
"The Woman Who Sinned",1
"The X in the File",1
"The Young Turks",1
"They Say It's Your Birthday",1
"They Sure Grow Up Fast",1
"Thick 'N' Thin",1
"Thicker Than Water",1
"Thief",1
"Things to Come",1
"Things You Don't Want to Know About Your Body... But Should!",1
"Think Twice",1
"This Day Is Yours",1
"This Is Where We Live",1
"This Monstrous and Unnatural Woman",1
"This Week in Reality TV",1
"This World: Norway's Massacre",1
"Those Dear Departed",1
"Those Who Squirm",1
"Three Shorts for Suriname",1
"Three Steps to Hendon",1
"Three Year Itch",1
"Thrice in a Lifetime",1
"Thrill Kill",1
"Throttle",1
"Through Eyes of Love",1
"Through the Toils",1
"Tickle U",1
"Tiddly-Winks",1
"Tide",1
"Tiffini's Magic Cabbage Adventure/The Summer's Magic",1
"Til Death Do Us Part",1
"Time Flies",1
"Time for Justice",1
"Time Machine",1
"Time Out",1
"Timecollapse",1
"Timmy's Snowman",1
"Timmy Can't Dance/Timmy Afloat",1
"Timoria",1
"Tina Lund",1
"Tinc un fletxasso",1
"Tito Rockstar",1
"Tito Stern: Left Behind",1
"To Alaska Via the Great Rivers of the North",1
"To Catch a Spy",1
"To Kouti",1
"To Moscow with Love",1
"To Serge with Love",1
"To Sir, with Lust",1
"To Sleep, Perchance to Dream",1
"Tocaia no Asfalto",1
"Tochter des Schweigens",1
"Today",1
"Today of All Days",1
"Todos queremos con ella",1
"Tohvelisankarin rouva",1
"Tokaji aszú",1
"Tom Tit-Tot",1
"Toma Que o Filho é Teu",1
"Tomorrow's Children",1
"Tomorrow Will Be Friday",1
"Tony Snow",1
"Too Little Justice",1
"Too Much Sun",1
"Top 12 Moments of the BET Awards",1
"Top 18 Results",1
"Top 5 Performance",1
"Top 9 Performance",1
"Tortelduiven",1
"Toruko bangaichi: Isoginchaku",1
"Total Recall",1
"Total Recall/Refill Madness",1
"Totally Dunzo: Part 2",1
"Totally Unprofessional 1",1
"Totuus",1
"Tour de France Part 1",1
"Tournage à domicile",1
"Tournament 1: Indianapolis, IN",1
"Tournament 5, Game 4",1
"Tourunê",1
"Track Meet",1
"Tracks",1
"Tracy Edwards",1
"Trading Places",1
"Traditional Gone Wild",1
"Tragom IV i V ofanzive",1
"Traición",1
"Train",1
"Train Order Number Forty-Five",1
"Train Rails/Desalinated Water/Racing Wheelchairs/Parquetry",1
"Training Academy",1
"Traitement spécial pour bourgeoise insatisfaite",1
"Tram Ride Through Main Street",1
"Trans X 3",1
"Transitions",1
"Transport",1
"Trap",1
"Trash Monster",1
"Träumerei",1
"Travel the World: Scandinavia - Denmark, Sweden and Norway",1
"Travelling Light",1
"Tre meno due",1
"Treason",1
"Treasures of the Ancient Capital: Nara Prefecture",1
"Trebuyutsya muzhchiny",1
"Tree Story",1
"Trick or Treat",1
"Trick or Treat or Sleep",1
"Tricky Address",1
"Trio y cuarteto",1
"Triumph Over Disaster: The Hurricane Andrew Story",1
"Tromperies",1
"Trouble at Medicine Creek",1
"Trout Fishing Afghanistan ll",1
"Troy Aikman",1
"True Bloodthirst",1
"True Lies",1
"Trumpet Trees",1
"Trust in Me",1
"Truth",1
"Truth Be Told",1
"Truth Be Tolled; TTC Special Edition",1
"Truth Hurts",1
"Truth..?",1
"Truth: Part 1",1
"Try This at Home!",1
"Tsukubane no",1
"Tuffy Gets Fluffy/Casey, Come Home",1
"Tupac: Reckoning",1
"Turf War",1
"Turn Out the Lights: Jim Morrison's Last Night on Stage",1
"TV Watching Me",1
"Twins: What you Never Knew",1
"Two-Car Family",1
"Two for the Price of One",1
"Two Smart Men",1
"Two to One",1
"Tyler Doo's Big Boo",1
"Typy na dzis",1
"U.S. Battleship 'Indiana'",1
"UFO: Down to Earth",1
"Uitslag #4",1
"Új Gálvölgyi-show",1
"Ulla Kock am Brink",1
"Umzüge",1
"Un bébé encombrant",1
"Un chien qui aime trop son maître",1
"Un dossier facile",1
"Un mostro e mezzo",1
"Un mundo absurdo",1
"Un si joli petit nuage",1
"Unakkaga Ellam Unakkaga",1
"Uncle Jack",1
"Uncle Shel's Audition for the School Talent Show",1
"Und gusch!",1
"Underwater Extinction",1
"Undone",1
"Une histoire d'appartement",1
"Unerwünschte Nebenwirkungen",1
"Universidad CEU San Pablo",1
"Universoul Circus Documentary",1
"Unlicensed",1
"Unmasked Rider",1
"Untitled Ozzy Osbourne Biopic",1
"Unvergängliches Licht",1
"Up Goes Maisie",1
"Up That Black Ass 9",1
"Uprava",1
"Urban Hope",1
"Utanmaz adam",1
"Útvesztöben",1
"V-Day Philadelphia",1
"Vacation",1
"Val Doonican",1
"Valentine's Day Video Cards",1
"Valley Peaks",1
"Valvet",1
"Vancouver Confidential",1
"Vanessa",1
"Vanity Fair",1
"Var du i Skanderborg?",1
"Varicose Veins",1
"Vashon Island, WA",1
"Vasilisa Mikulishna",1
"Veer Ahir",1
"Velika smotra",1
"Verano Amarillo 1: Eurocopa",1
"Verbier Extreme",1
"Verfolgt - Der kleine Zeuge",1
"Veritats i mentides",1
"Vesnice roku",1
"Veteranas de guerra",1
"Vice Verses",1
"Victim of Amnesia",1
"Victor Anicet, céramiste et artiste martiniquais",1
"Victor... pendant qu'il est trop tard",1
"Vidas Cruzadas",1
"Viewer's Choice",1
"Vil du se min smukke have?: Part 3",1
"Vishnu Leela",1
"Vital Signs",1
"Vitaphone Casino",1
"Vittorio - Momente des Glücks",1
"Viva Las Vegas Inspiration for a Flashy LA Home",1
"Viva Viva",1
"Vive",1
"Vlaamse pop",1
"Volltreffer",1
"Volunteer Donor",1
"Von Mäusen und Menschen",1
"Von vorne",1
"Voodoo Tailz",1
"Vore",1
"Vorfahrt geändert",1
"Vybor moei mamochki",1
"Vyrízená zálezitost",1
"Wäiss Schippen",1
"Walt Disney World Summer Jam Concert",1
"Walter's Walk",1
"Wannabe: Life and Death in a Small Town Gang",1
"Wanted: Dead",1
"War Stories",1
"Warm It Up in LA",1
"Warnschuss",1
"Wars Erupt Between Rikitik and Joaquin, and Donya Digna and Juanita",1
"Warschauer Notizen",1
"Was für ein Theater",1
"Was Hessen wünschen",1
"Wasshi-Wasshi de Norikoero!",1
"Watashi ja nakute mo ôsei",1
"Watch Out!",1
"Watchtower",1
"Water",1
"Water: The Hazardous Necessity",1
"Waterfall Lane",1
"Waverly Hills 9-0-2-1-D'oh",1
"Wayne's World",1
"We'll Meet Again",1
"We Are Internet Millionaires",1
"We Can Never Die",1
"We Killed John Tucker",1
"We the People",1
"Wedding Day Nerves",1
"Weekend in Connecticut",1
"Weekend Warrior",1
"Welcome to Amity",1
"Welcome to L.A.",1
"Welcome to New Zealand",1
"Wer Angst hat, verliert",1
"Werewolf of Nashville",1
"What's in Alaska?",1
"What Happens in Cabo, Stays in Cabo",1
"What Have You Done to Me?",1
"What If?",1
"What It Means to Be an American",1
"What to Wear?",1
"When a Man Loves a Woman",1
"When Fantasy Becomes Reality",1
"Where Have All the Stars Gone?",1
"Where Is America in Bible Prophecy?",1
"Where Not to Look for Freedom",1
"Whiskers, Oreo & Sooskey",1
"Whistle for Danger",1
"White Blackmail",1
"White Label",1
"Whitesnake Commandos: Donington 1983",1
"Who's Afraid of Designer Babies?",1
"Who's Smiling Now?/Rob 'n Hoodwinked",1
"Who's Your Caddy?",1
"Who Are You Arthur Kolinski?",1
"Who Do You Think You Are?",1
"Who Dunit?",1
"Who Wrote the Bible?",1
"Whoa!",1
"Wie macht man eine Mehrheit?",1
"Wie weit dürfen Tierschützer gehen?",1
"Wijlen de week",1
"Wild Ducks",1
"Wild West Cavey",1
"Will",1
"Will Everyone Who Believes in Terry Dunne Please Applaud",1
"Will the Real Admiral Please Stand Up?",1
"Wine",1
"With the Earth Rangers",1
"Witness to Murder",1
"Wolf im Schafspelz",1
"Women Behind Bars",1
"Worzel's Washing Day",1
"Would Like to Meet",1
"Wrap Around the Clock: Part 2",1
"Wreck Chasers",1
"X-Testers",1
"Yarrahappini",1
"Yeng Constantino Gives the Housemates Some Guidelines for the Big Dream Concert",1
"Yleisradio",1
"Yokenmono no Me ni Shiranai",1
"Yomotsu hirasaka he",1
"You Doo",1
"You Ought to Be in Pictures",1
"Young at Heart",1
"Young, Cool and Wet",1
"Your Skin Makeover",1
"Youth at the Helm",1
"Yowasa",1
"Yureru omoi",1
"Yus My Dear",1
"Yûyake ni mukatte",1
"Ze Yigamer Be-Pizza",1
"Zerrungen",1
"Zildjian Cymbals",1
"Zlodej na lede",1
"Znalecký posudek: part 1",1
"Zoe Saldana/Azita Ghanizada/Sinqua Walls",1
"Zon, zee, sex en over tijd",1
"Zucker",1
"Zwei Prozent von zehn Millionen",1
